entryDate,ticker,category,entryPrice,target,stopLoss,horizonDays,exitDate,exitPrice,status,returnPct,daysToResolution
2025-05-23,BAJFINANCE.NS,largecap,924.35,1012.9,649.1,90,2025-08-21,895.6,EXPIRED_OPEN,-3.11,90
2025-05-23,ICICIBANK.NS,largecap,1449.8,1548.16,1186,90,2025-08-21,1446,EXPIRED_OPEN,-0.26,90
2025-05-23,JSWSTEEL.NS,largecap,1008.5,1118.43,880,90,2025-08-21,1071.8,EXPIRED_OPEN,6.28,90
2025-05-23,KOTAKBANK.NS,largecap,420.16,460.38,344.75,90,2025-08-21,403.56,EXPIRED_OPEN,-3.95,90
2025-05-23,NESTLEIND.NS,largecap,1207.2,1308.01,1055,90,2025-08-21,1179.4,EXPIRED_OPEN,-2.3,90
2025-05-30,BAJFINANCE.NS,largecap,918.05,993.84,668.54,90,2025-08-28,876.85,EXPIRED_OPEN,-4.49,90
2025-05-30,ICICIBANK.NS,largecap,1445.8,1537.89,1186,90,2025-08-28,1399.1,EXPIRED_OPEN,-3.23,90
2025-05-30,JSWSTEEL.NS,largecap,993.5,1104.74,880,90,2025-08-28,1035.8,EXPIRED_OPEN,4.26,90
2025-05-30,NESTLEIND.NS,largecap,1198.1,1299.16,1055,90,2025-08-28,1162.4,EXPIRED_OPEN,-2.98,90
2025-05-30,KOTAKBANK.NS,largecap,414.94,460.38,344.75,90,2025-08-28,388.94,EXPIRED_OPEN,-6.27,90
2025-06-06,BAJFINANCE.NS,largecap,937.15,1016.98,679.2,90,2025-09-04,934.75,EXPIRED_OPEN,-0.26,90
2025-06-06,ICICIBANK.NS,largecap,1459.7,1551.61,1186,90,2025-09-04,1405.5,EXPIRED_OPEN,-3.71,90
2025-06-06,JSWSTEEL.NS,largecap,1004.9,1110.15,880,90,2025-09-04,1072.4,EXPIRED_OPEN,6.72,90
2025-06-06,NESTLEIND.NS,largecap,1208.6,1296.89,1055,90,2025-09-04,1212.6,EXPIRED_OPEN,0.33,90
2025-06-06,KOTAKBANK.NS,largecap,414.68,460.38,344.75,90,2025-09-04,389.94,EXPIRED_OPEN,-5.97,90
2025-06-13,BAJFINANCE.NS,largecap,933.1,1017.11,679.2,90,2025-09-11,970.25,EXPIRED_OPEN,3.98,90
2025-06-13,KOTAKBANK.NS,largecap,421.48,460.38,344.75,90,2025-09-11,394.46,EXPIRED_OPEN,-6.41,90
2025-06-13,NESTLEIND.NS,largecap,1188.4,1274.49,1055,90,2025-09-11,1220.8,EXPIRED_OPEN,2.73,90
2025-06-13,JSWSTEEL.NS,largecap,987.25,1079.2,880,90,2025-08-18,1079.2,HIT_TARGET,9.31,66
2025-06-13,ICICIBANK.NS,largecap,1416.1,1506.88,1186,90,2025-09-11,1401.6,EXPIRED_OPEN,-1.02,90
2025-06-20,BAJFINANCE.NS,largecap,905,993.54,679.2,90,2025-09-12,993.54,HIT_TARGET,9.78,84
2025-06-20,KOTAKBANK.NS,largecap,433.96,464.04,344.75,90,2025-09-18,410.92,EXPIRED_OPEN,-5.31,90
2025-06-20,JSWSTEEL.NS,largecap,1005.55,1093.63,880,90,2025-09-08,1093.63,HIT_TARGET,8.76,80
2025-06-20,NESTLEIND.NS,largecap,1180.2,1267.17,1055,90,2025-09-18,1209.1,EXPIRED_OPEN,2.45,90
2025-06-20,ICICIBANK.NS,largecap,1427.1,1510.28,1186,90,2025-09-18,1421.7,EXPIRED_OPEN,-0.38,90
2025-06-27,BAJFINANCE.NS,largecap,947,1035.81,710.52,90,2025-09-24,1035.81,HIT_TARGET,9.38,89
2025-06-27,JSWSTEEL.NS,largecap,1028.9,1117.98,880,90,2025-09-17,1117.98,HIT_TARGET,8.66,82
2025-06-27,KOTAKBANK.NS,largecap,441.58,471.43,344.75,90,2025-09-25,402.7,EXPIRED_OPEN,-8.8,90
2025-06-27,NESTLEIND.NS,largecap,1229.35,1315.96,1055,90,2025-09-25,1173.5,EXPIRED_OPEN,-4.54,90
2025-06-27,ICICIBANK.NS,largecap,1462.2,1545.75,1186,90,2025-09-25,1375.8,EXPIRED_OPEN,-5.91,90
2025-07-04,JSWSTEEL.NS,largecap,1041.4,1131.36,880,90,2025-09-23,1131.36,HIT_TARGET,8.64,81
2025-07-04,BAJFINANCE.NS,largecap,925.3,1014.66,710.52,90,2025-09-15,1014.66,HIT_TARGET,9.66,73
2025-07-04,ICICIBANK.NS,largecap,1442.8,1528.42,1186,90,2025-10-03,1365.2,EXPIRED_OPEN,-5.38,91
2025-07-04,NESTLEIND.NS,largecap,1196.4,1278.87,1055,90,2025-10-03,1169.9,EXPIRED_OPEN,-2.21,91
2025-07-04,KOTAKBANK.NS,largecap,425.96,460.38,344.75,90,2025-10-03,420.1,EXPIRED_OPEN,-1.38,91
2025-07-11,JSWSTEEL.NS,largecap,1037.2,1117.3,900.5,90,2025-09-16,1117.3,HIT_TARGET,7.72,67
2025-07-11,BAJFINANCE.NS,largecap,933.5,1012.98,715.63,90,2025-09-15,1012.98,HIT_TARGET,8.51,66
2025-07-11,KOTAKBANK.NS,largecap,444.12,475.94,349.66,90,2025-10-09,428.92,EXPIRED_OPEN,-3.42,90
2025-07-11,HDFCBANK.NS,largecap,991.85,1042.13,812.72,90,2025-10-09,977.1,EXPIRED_OPEN,-1.49,90
2025-07-11,NESTLEIND.NS,largecap,1201.75,1278.44,1055,90,2025-10-09,1187.8,EXPIRED_OPEN,-1.16,90
2025-07-18,BAJFINANCE.NS,largecap,942,1016.52,726,90,2025-09-15,1016.52,HIT_TARGET,7.91,59
2025-07-18,JSWSTEEL.NS,largecap,1034.4,1112.23,901.1,90,2025-09-08,1112.23,HIT_TARGET,7.52,52
2025-07-18,NESTLEIND.NS,largecap,1236.1,1317.51,1055,90,2025-10-16,1276.6,EXPIRED_OPEN,3.28,90
2025-07-18,TATASTEEL.NS,largecap,162.37,174.68,124.74,90,2025-10-03,174.68,HIT_TARGET,7.58,77
2025-07-18,COALINDIA.NS,largecap,388.5,417.25,349.25,90,2025-10-16,387.6,EXPIRED_OPEN,-0.23,90
2025-07-25,ICICIBANK.NS,largecap,1477.1,1554.02,1200.1,90,2025-10-23,1363.7,EXPIRED_OPEN,-7.68,90
2025-07-25,JSWSTEEL.NS,largecap,1026.9,1103.37,905.2,90,2025-09-08,1103.37,HIT_TARGET,7.45,45
2025-07-25,BAJFINANCE.NS,largecap,913.75,999.32,778.44,90,2025-09-12,999.32,HIT_TARGET,9.36,49
2025-07-25,HDFCBANK.NS,largecap,1002.3,1055.14,830.55,90,2025-10-23,1008.8,EXPIRED_OPEN,0.65,90
2025-07-25,TATASTEEL.NS,largecap,161.43,172.81,125.3,90,2025-09-17,172.81,HIT_TARGET,7.05,54
2025-08-01,JSWSTEEL.NS,largecap,1027.8,1114.94,905.2,90,2025-09-10,1114.94,HIT_TARGET,8.48,40
2025-08-01,ICICIBANK.NS,largecap,1471.6,1546.76,1200.1,90,2025-10-30,1362.4,EXPIRED_OPEN,-7.42,90
2025-08-01,HDFCBANK.NS,largecap,1006.1,1055.99,830.55,90,2025-10-30,998.15,EXPIRED_OPEN,-0.79,90
2025-08-01,COALINDIA.NS,largecap,372.5,417.25,349.25,90,2025-10-30,387.7,EXPIRED_OPEN,4.08,90
2025-08-01,ASIANPAINT.NS,largecap,2431,2630.37,2124.75,90,2025-10-30,2523.5,EXPIRED_OPEN,3.81,90
2025-08-08,JSWSTEEL.NS,largecap,1049.2,1139.64,905.2,90,2025-09-23,1139.64,HIT_TARGET,8.62,46
2025-08-08,COALINDIA.NS,largecap,379.7,417.25,349.25,90,2025-11-06,373.15,EXPIRED_OPEN,-1.73,90
2025-08-08,ICICIBANK.NS,largecap,1435.9,1509.09,1200.1,90,2025-11-06,1320.4,EXPIRED_OPEN,-8.04,90
2025-08-08,HDFCBANK.NS,largecap,986.95,1037.06,830.55,90,2025-11-06,984.65,EXPIRED_OPEN,-0.23,90
2025-08-08,ASIANPAINT.NS,largecap,2475.6,2674.1,2124.75,90,2025-11-06,2602.9,EXPIRED_OPEN,5.14,90
2025-08-18,JSWSTEEL.NS,largecap,1079.8,1168.39,905.2,90,2025-10-03,1168.39,HIT_TARGET,8.2,46
2025-08-18,COALINDIA.NS,largecap,387.8,417.25,352.4,90,2025-11-17,387.85,EXPIRED_OPEN,0.01,91
2025-08-18,ASIANPAINT.NS,largecap,2587.4,2781.57,2124.75,90,2025-11-12,2781.57,HIT_TARGET,7.5,86
2025-08-18,HDFCBANK.NS,largecap,1001.8,1053.69,830.55,90,2025-11-17,996.55,EXPIRED_OPEN,-0.52,91
2025-08-18,ICICIBANK.NS,largecap,1434.6,1508.04,1200.1,90,2025-11-17,1379,EXPIRED_OPEN,-3.88,91
2025-08-25,JSWSTEEL.NS,largecap,1057.8,1140.9,905.2,90,2025-09-23,1140.9,HIT_TARGET,7.86,29
2025-08-25,COALINDIA.NS,largecap,380,417.25,352.4,90,2025-11-24,372.55,EXPIRED_OPEN,-1.96,91
2025-08-25,ASIANPAINT.NS,largecap,2492.9,2673.28,2124.75,90,2025-11-12,2673.28,HIT_TARGET,7.24,79
2025-08-25,ICICIBANK.NS,largecap,1433.2,1501.72,1200.1,90,2025-11-24,1368.4,EXPIRED_OPEN,-4.52,91
2025-08-25,HDFCBANK.NS,largecap,982.05,1031.25,835.03,90,2025-11-24,999.15,EXPIRED_OPEN,1.74,91
2025-09-02,JSWSTEEL.NS,largecap,1044,1121.49,905.2,90,2025-09-17,1121.49,HIT_TARGET,7.42,15
2025-09-02,ASIANPAINT.NS,largecap,2540,2729.5,2174.8,90,2025-11-12,2729.5,HIT_TARGET,7.46,71
2025-09-02,COALINDIA.NS,largecap,380.1,417.25,356,90,2025-12-01,379.65,EXPIRED_OPEN,-0.12,90
2025-09-02,NESTLEIND.NS,largecap,1200.9,1306.7,1074,90,2025-10-17,1306.7,HIT_TARGET,8.81,45
2025-09-02,HINDUNILVR.NS,largecap,2677,2905.27,2150,90,2025-12-01,2464.5,EXPIRED_OPEN,-7.94,90
2025-09-09,JSWSTEEL.NS,largecap,1104.5,1186.66,905.2,90,2025-10-29,1186.66,HIT_TARGET,7.44,50
2025-09-09,ASIANPAINT.NS,largecap,2537.3,2716.56,2174.8,90,2025-11-12,2716.56,HIT_TARGET,7.06,64
2025-09-09,COALINDIA.NS,largecap,387.95,417.25,356,90,2025-12-08,377.35,EXPIRED_OPEN,-2.73,90
2025-09-09,NESTLEIND.NS,largecap,1202.2,1306.16,1074,90,2025-10-17,1306.16,HIT_TARGET,8.65,38
2025-09-09,HINDUNILVR.NS,largecap,2642,2856.2,2150,90,2025-12-08,2314,EXPIRED_OPEN,-12.41,90
2025-09-16,JSWSTEEL.NS,largecap,1115.2,1191.35,905.2,90,2025-10-29,1191.35,HIT_TARGET,6.83,43
2025-09-16,COALINDIA.NS,largecap,395.8,418.06,356,90,2025-12-15,384.45,EXPIRED_OPEN,-2.87,90
2025-09-16,NESTLEIND.NS,largecap,1204.2,1292.64,1074,90,2025-10-17,1292.64,HIT_TARGET,7.34,31
2025-09-16,ASIANPAINT.NS,largecap,2480.9,2647.04,2174.8,90,2025-11-10,2647.04,HIT_TARGET,6.7,55
2025-09-16,ICICIBANK.NS,largecap,1421.6,1500,1265,90,2025-12-15,1365.2,EXPIRED_OPEN,-3.97,90
2025-09-23,JSWSTEEL.NS,largecap,1138.4,1214.28,905.2,90,2025-10-29,1214.28,HIT_TARGET,6.67,36
2025-09-23,COALINDIA.NS,largecap,394.05,417.25,356,90,2025-12-22,386.25,EXPIRED_OPEN,-1.98,90
2025-09-23,ASIANPAINT.NS,largecap,2446.9,2607.17,2174.8,90,2025-11-06,2607.17,HIT_TARGET,6.55,44
2025-09-23,MARUTI.NS,largecap,16097,17223.59,11059.45,90,2025-12-22,16649,EXPIRED_OPEN,3.43,90
2025-09-23,BAJFINANCE.NS,largecap,1025.5,1104.71,830.72,90,2025-12-22,1007.8,EXPIRED_OPEN,-1.73,90
2025-09-30,JSWSTEEL.NS,largecap,1142.7,1229.22,933.8,90,2025-12-29,1092.6,EXPIRED_OPEN,-4.38,90
2025-09-30,MARUTI.NS,largecap,16029,17141.21,11289,90,2025-12-29,16542,EXPIRED_OPEN,3.2,90
2025-09-30,COALINDIA.NS,largecap,389.95,417.25,368.65,90,2025-12-29,400.65,EXPIRED_OPEN,2.74,90
2025-09-30,BAJFINANCE.NS,largecap,998.9,1078.09,849,90,2025-10-16,1078.09,HIT_TARGET,7.93,16
2025-09-30,SBIN.NS,largecap,872.45,921.16,741,90,2025-10-27,921.16,HIT_TARGET,5.58,27
2025-10-08,JSWSTEEL.NS,largecap,1145.2,1229.83,935,90,2026-01-06,1176.3,EXPIRED_OPEN,2.72,90
2025-10-08,MARUTI.NS,largecap,16012,17108.65,11289,90,2026-01-05,17108.65,HIT_TARGET,6.85,89
2025-10-08,BAJFINANCE.NS,largecap,1023.15,1105.38,849,90,2026-01-06,977.35,EXPIRED_OPEN,-4.48,90
2025-10-08,COALINDIA.NS,largecap,382.1,417.25,368.33,90,2026-01-02,417.25,HIT_TARGET,9.2,86
2025-10-08,TATASTEEL.NS,largecap,171.94,185.03,133.7,90,2025-10-29,185.03,HIT_TARGET,7.61,21
2025-10-15,JSWSTEEL.NS,largecap,1160.8,1247.51,935,90,2026-01-13,1178.1,EXPIRED_OPEN,1.49,90
2025-10-15,MARUTI.NS,largecap,16212,17273.56,11289,90,2026-01-05,17273.56,HIT_TARGET,6.55,82
2025-10-15,TATASTEEL.NS,largecap,173.24,188.08,138,90,2026-01-13,182.57,EXPIRED_OPEN,5.39,90
2025-10-15,BAJFINANCE.NS,largecap,1059.9,1147.52,849,90,2026-01-13,949,EXPIRED_OPEN,-10.46,90
2025-10-15,COALINDIA.NS,largecap,384.25,417.25,368.65,90,2026-01-02,417.25,HIT_TARGET,8.59,79
2025-10-23,JSWSTEEL.NS,largecap,1138.2,1226.75,935,90,2026-01-21,1174.6,EXPIRED_OPEN,3.2,90
2025-10-23,MARUTI.NS,largecap,16393,17375.48,12016,90,2026-01-21,15770,EXPIRED_OPEN,-3.8,90
2025-10-23,COALINDIA.NS,largecap,392.65,417.25,368.65,90,2026-01-02,417.25,HIT_TARGET,6.27,71
2025-10-23,TATASTEEL.NS,largecap,174.16,187.54,140.51,90,2026-01-06,187.54,HIT_TARGET,7.68,75
2025-10-23,NESTLEIND.NS,largecap,1272.8,1379.78,1084.7,90,2026-01-21,1283.2,EXPIRED_OPEN,0.82,90
2025-10-30,JSWSTEEL.NS,largecap,1210,1302.99,962.15,90,2026-01-28,1218.7,EXPIRED_OPEN,0.72,90
2025-10-30,TATASTEEL.NS,largecap,184.35,198.57,144.5,90,2026-01-28,193.85,EXPIRED_OPEN,5.15,90
2025-10-30,BAJFINANCE.NS,largecap,1052.3,1133.22,849,90,2026-01-28,935.15,EXPIRED_OPEN,-11.13,90
2025-10-30,NESTLEIND.NS,largecap,1279.9,1376.81,1084.7,90,2026-01-28,1292.4,EXPIRED_OPEN,0.98,90
2025-10-30,COALINDIA.NS,largecap,387.7,417.25,368.65,90,2026-01-02,417.25,HIT_TARGET,7.62,64
2025-11-07,JSWSTEEL.NS,largecap,1171.7,1267.42,962.15,90,2026-02-05,1239.8,EXPIRED_OPEN,5.81,90
2025-11-07,ASIANPAINT.NS,largecap,2613.8,2795.98,2174.8,90,2025-11-12,2795.98,HIT_TARGET,6.97,5
2025-11-07,TATASTEEL.NS,largecap,181.37,196.39,149.8,90,2026-01-29,196.39,HIT_TARGET,8.28,83
2025-11-07,BAJFINANCE.NS,largecap,1066.6,1156.61,849,90,2026-02-05,964.75,EXPIRED_OPEN,-9.55,90
2025-11-07,NESTLEIND.NS,largecap,1262.7,1349.98,1084.7,90,2026-02-05,1303.5,EXPIRED_OPEN,3.23,90
2025-11-14,JSWSTEEL.NS,largecap,1167.8,1263.19,962.15,90,2026-02-12,1247.9,EXPIRED_OPEN,6.86,90
2025-11-14,ASIANPAINT.NS,largecap,2906.4,3147.1,2174.8,90,2026-02-12,2410.5,EXPIRED_OPEN,-17.06,90
2025-11-14,NESTLEIND.NS,largecap,1271.6,1354.11,1084.7,90,2026-02-12,1305.5,EXPIRED_OPEN,2.67,90
2025-11-14,COALINDIA.NS,largecap,386.95,410.92,368.65,90,2025-12-24,410.92,HIT_TARGET,6.2,40
2025-11-14,SBIN.NS,largecap,967.85,1024.06,781.7,90,2026-01-13,1024.06,HIT_TARGET,5.81,60
2025-11-21,JSWSTEEL.NS,largecap,1140.3,1232.51,962.15,90,2026-01-29,1232.51,HIT_TARGET,8.09,69
2025-11-21,ASIANPAINT.NS,largecap,2876.6,3098.24,2174.8,90,2026-02-19,2400.8,EXPIRED_OPEN,-16.54,90
2025-11-21,SBIN.NS,largecap,972.6,1023.71,781.7,90,2026-01-06,1023.71,HIT_TARGET,5.25,46
2025-11-21,NESTLEIND.NS,largecap,1280.7,1356.95,1084.7,90,2026-02-19,1278.5,EXPIRED_OPEN,-0.17,90
2025-11-21,MARUTI.NS,largecap,15977,17015.35,12016,90,2026-01-05,17015.35,HIT_TARGET,6.5,45
2025-11-28,JSWSTEEL.NS,largecap,1160.3,1260.38,981.35,90,2026-02-10,1260.38,HIT_TARGET,8.63,74
2025-11-28,ASIANPAINT.NS,largecap,2874.4,3073.93,2174.8,90,2026-02-26,2394.9,EXPIRED_OPEN,-16.68,90
2025-11-28,SBIN.NS,largecap,979,1032.8,781.7,90,2026-01-16,1032.8,HIT_TARGET,5.5,49
2025-11-28,MARUTI.NS,largecap,15900,16915.85,12176,90,2026-01-02,16915.85,HIT_TARGET,6.39,35
2025-11-28,INFY.NS,largecap,1560.1,1672.19,1414,90,2025-12-22,1672.19,HIT_TARGET,7.18,24
2025-12-05,JSWSTEEL.NS,largecap,1162.2,1270.01,983.5,90,2026-02-25,1270.01,HIT_TARGET,9.28,82
2025-12-05,ASIANPAINT.NS,largecap,2968.5,3169.72,2209.3,90,2026-03-05,2287.8,EXPIRED_OPEN,-22.93,90
2025-12-05,SBIN.NS,largecap,971.5,1032.64,781.7,90,2026-01-16,1032.64,HIT_TARGET,6.29,42
2025-12-05,INFY.NS,largecap,1616.2,1728.71,1414,90,2026-02-12,1414,HIT_STOPLOSS,-12.51,69
2025-12-05,MARUTI.NS,largecap,16282,17317.52,12225,90,2026-01-05,17317.52,HIT_TARGET,6.36,31
2025-12-12,ASIANPAINT.NS,largecap,2764.8,2985.7,2253.9,90,2026-03-04,2253.9,HIT_STOPLOSS,-18.48,82
2025-12-12,JSWSTEEL.NS,largecap,1125.5,1232.67,983.5,90,2026-01-29,1232.67,HIT_TARGET,9.52,48
2025-12-12,SBIN.NS,largecap,963.15,1019.73,786.55,90,2026-01-06,1019.73,HIT_TARGET,5.87,25
2025-12-12,INFY.NS,largecap,1598.2,1707.53,1414,90,2026-02-03,1707.53,HIT_TARGET,6.84,53
2025-12-12,MARUTI.NS,largecap,16522,17546.83,12225,90,2026-03-12,13011,EXPIRED_OPEN,-21.25,90
2025-12-19,ASIANPAINT.NS,largecap,2799.9,3000.58,2308,90,2026-03-02,2308,HIT_STOPLOSS,-17.57,73
2025-12-19,SBIN.NS,largecap,980.3,1032.12,786.55,90,2026-01-16,1032.12,HIT_TARGET,5.29,28
2025-12-19,INFY.NS,largecap,1638.7,1745.11,1414,90,2026-02-12,1414,HIT_STOPLOSS,-13.71,55
2025-12-19,JSWSTEEL.NS,largecap,1079.6,1223.9,1014.5,90,2026-01-27,1223.9,HIT_TARGET,13.37,39
2025-12-19,COALINDIA.NS,largecap,385.6,405.42,368.65,90,2025-12-24,405.42,HIT_TARGET,5.14,5
2025-12-29,ASIANPAINT.NS,largecap,2775.4,2985.7,2308,90,2026-03-02,2308,HIT_STOPLOSS,-16.84,63
2025-12-29,INFY.NS,largecap,1644.7,1756.05,1414,90,2026-02-12,1414,HIT_STOPLOSS,-14.03,45
2025-12-29,COALINDIA.NS,largecap,400.65,425.19,368.65,90,2026-01-02,425.19,HIT_TARGET,6.13,4
2025-12-29,SBIN.NS,largecap,965.05,1010.82,786.55,90,2026-01-05,1010.82,HIT_TARGET,4.74,7
2025-12-29,JSWSTEEL.NS,largecap,1092.6,1223.9,1017.4,90,2026-01-27,1223.9,HIT_TARGET,12.02,29
2026-01-05,JSWSTEEL.NS,largecap,1185.9,1278.27,1017.4,90,2026-02-25,1278.27,HIT_TARGET,7.79,51
2026-01-05,COALINDIA.NS,largecap,427.45,459.56,368.65,90,2026-01-29,459.56,HIT_TARGET,7.51,24
2026-01-05,ASIANPAINT.NS,largecap,2815.6,3010.31,2308,90,2026-03-02,2308,HIT_STOPLOSS,-18.03,56
2026-01-05,SBIN.NS,largecap,1005.55,1056.79,786.55,90,2026-01-28,1056.79,HIT_TARGET,5.1,23
2026-01-05,NESTLEIND.NS,largecap,1314.6,1397.53,1084.7,90,2026-04-06,1216,EXPIRED_OPEN,-7.5,91
2026-01-12,COALINDIA.NS,largecap,432.3,468.44,368.65,90,2026-03-12,468.44,HIT_TARGET,8.36,59
2026-01-12,ASIANPAINT.NS,largecap,2896.4,3105.57,2308,90,2026-03-02,2308,HIT_STOPLOSS,-20.31,49
2026-01-12,JSWSTEEL.NS,largecap,1182.7,1282.3,1017.4,90,2026-02-25,1282.3,HIT_TARGET,8.42,44
2026-01-12,SBIN.NS,largecap,1015.15,1072.51,786.55,90,2026-01-29,1072.51,HIT_TARGET,5.65,17
2026-01-12,NESTLEIND.NS,largecap,1312.4,1398.5,1084.7,90,2026-04-13,1226.1,EXPIRED_OPEN,-6.58,91
2026-01-19,COALINDIA.NS,largecap,430.15,463.38,368.65,90,2026-03-12,463.38,HIT_TARGET,7.73,52
2026-01-19,JSWSTEEL.NS,largecap,1184.1,1276.57,1017.4,90,2026-02-25,1276.57,HIT_TARGET,7.81,37
2026-01-19,INFY.NS,largecap,1681.2,1804.57,1414,90,2026-02-12,1414,HIT_STOPLOSS,-15.89,24
2026-01-19,SBIN.NS,largecap,1038.4,1091.12,786.55,90,2026-02-09,1091.12,HIT_TARGET,5.08,21
2026-01-19,HCLTECH.NS,largecap,1716.8,1839.68,1380.4,90,2026-02-24,1380.4,HIT_STOPLOSS,-19.59,36
2026-01-27,JSWSTEEL.NS,largecap,1222,1327.54,1022.3,90,2026-04-27,1282.7,EXPIRED_OPEN,4.97,90
2026-01-27,COALINDIA.NS,largecap,422.9,459.74,368.65,90,2026-01-29,459.74,HIT_TARGET,8.71,2
2026-01-27,INFY.NS,largecap,1682.7,1796.17,1414,90,2026-02-12,1414,HIT_STOPLOSS,-15.97,16
2026-01-27,SBIN.NS,largecap,1053.15,1119,786.55,90,2026-02-09,1119,HIT_TARGET,6.25,13
2026-01-27,HCLTECH.NS,largecap,1720.2,1838.9,1380.4,90,2026-02-24,1380.4,HIT_STOPLOSS,-19.75,28
2026-02-03,COALINDIA.NS,largecap,429.4,481.21,368.65,90,2026-04-29,481.21,HIT_TARGET,12.07,85
2026-02-03,JSWSTEEL.NS,largecap,1229.4,1347.83,1022.3,90,2026-05-04,1266.6,EXPIRED_OPEN,3.03,90
2026-02-03,SBIN.NS,largecap,1064.2,1163.6,798.5,90,2026-02-11,1163.6,HIT_TARGET,9.34,8
2026-02-03,INFY.NS,largecap,1656,1798.2,1414,90,2026-02-12,1414,HIT_STOPLOSS,-14.61,9
2026-02-03,HCLTECH.NS,largecap,1695.3,1844.3,1380.4,90,2026-02-24,1380.4,HIT_STOPLOSS,-18.57,21
2026-02-10,COALINDIA.NS,largecap,430.95,476.31,368.65,90,2026-04-29,476.31,HIT_TARGET,10.53,78
2026-02-10,JSWSTEEL.NS,largecap,1244.1,1352.3,1022.3,90,2026-05-11,1262.6,EXPIRED_OPEN,1.49,90
2026-02-10,TATASTEEL.NS,largecap,208.01,232.53,153.05,90,2026-05-11,212.08,EXPIRED_OPEN,1.96,90
2026-02-10,ONGC.NS,largecap,272.15,302.09,228.61,90,2026-04-28,302.09,HIT_TARGET,11,77
2026-02-10,AXISBANK.NS,largecap,1356.7,1492.95,1042.5,90,2026-05-11,1272.3,EXPIRED_OPEN,-6.22,90
2026-02-17,JSWSTEEL.NS,largecap,1244.6,1342.11,1022.3,90,2026-05-18,1292.8,EXPIRED_OPEN,3.87,90
2026-02-17,COALINDIA.NS,largecap,421.55,466.41,368.65,90,2026-03-12,466.41,HIT_TARGET,10.64,23
2026-02-17,TATASTEEL.NS,largecap,203.08,226.05,153.05,90,2026-05-18,209.71,EXPIRED_OPEN,3.26,90
2026-02-17,AXISBANK.NS,largecap,1357.2,1479.95,1042.5,90,2026-05-18,1237.9,EXPIRED_OPEN,-8.79,90
2026-02-17,SBIN.NS,largecap,1213.4,1321.23,798.5,90,2026-05-18,939.4,EXPIRED_OPEN,-22.58,90
2026-02-24,COALINDIA.NS,largecap,430.95,472.59,369.6,90,2026-03-12,472.59,HIT_TARGET,9.66,16
2026-02-24,JSWSTEEL.NS,largecap,1254.5,1354.38,1040,90,2026-05-25,1289.4,EXPIRED_OPEN,2.78,90
2026-02-24,AXISBANK.NS,largecap,1387.6,1504.23,1045,90,2026-05-25,1311.2,EXPIRED_OPEN,-5.51,90
2026-02-24,ONGC.NS,largecap,276.5,306.76,228.61,90,2026-04-29,306.76,HIT_TARGET,10.95,64
2026-02-24,TATASTEEL.NS,largecap,209.13,231.17,158.4,90,2026-05-25,210.22,EXPIRED_OPEN,0.52,90
2026-03-04,COALINDIA.NS,largecap,435.15,478.04,369.6,90,2026-04-29,478.04,HIT_TARGET,9.86,56
2026-03-04,JSWSTEEL.NS,largecap,1213,1322.6,1073.2,90,2026-05-27,1322.6,HIT_TARGET,9.04,84
2026-03-04,SBIN.NS,largecap,1174.5,1270.94,810.4,90,2026-06-02,956.65,EXPIRED_OPEN,-18.55,90
2026-03-04,ONGC.NS,largecap,276.95,309.35,228.61,90,2026-06-02,265.05,EXPIRED_OPEN,-4.3,90
2026-03-04,AXISBANK.NS,largecap,1351.3,1464.64,1055.1,90,2026-06-02,1251.1,EXPIRED_OPEN,-7.42,90
2026-03-11,COALINDIA.NS,largecap,446.75,493.27,369.6,90,2026-06-09,466.9,EXPIRED_OPEN,4.51,90
2026-03-11,SBIN.NS,largecap,1091.1,1234.7,831,90,2026-06-09,1002.7,EXPIRED_OPEN,-8.1,90
2026-03-11,ONGC.NS,largecap,270.75,305.98,228.61,90,2026-04-29,305.98,HIT_TARGET,13.01,49
2026-03-11,JSWSTEEL.NS,largecap,1178.8,1305.32,1073.2,90,2026-04-28,1305.32,HIT_TARGET,10.73,48
2026-03-11,SUNPHARMA.NS,largecap,1825.9,1955.83,1548,90,2026-06-09,1779,EXPIRED_OPEN,-2.57,90
2026-03-18,COALINDIA.NS,largecap,455.2,506.14,369.6,90,2026-06-16,450.95,EXPIRED_OPEN,-0.93,90
2026-03-18,SBIN.NS,largecap,1069.8,1234.7,853,90,2026-06-16,1015.3,EXPIRED_OPEN,-5.09,90
2026-03-18,JSWSTEEL.NS,largecap,1180.3,1310.01,1073.2,90,2026-05-15,1310.01,HIT_TARGET,10.99,58
2026-03-18,ONGC.NS,largecap,265,296.82,228.61,90,2026-04-28,296.82,HIT_TARGET,12.01,41
2026-03-18,SUNPHARMA.NS,largecap,1778.3,1909.49,1548,90,2026-05-18,1909.49,HIT_TARGET,7.38,61
2026-03-25,COALINDIA.NS,largecap,443.7,497.87,369.6,90,2026-06-23,444.35,EXPIRED_OPEN,0.15,90
2026-03-25,ONGC.NS,largecap,270.2,301.12,228.61,90,2026-04-28,301.12,HIT_TARGET,11.44,34
2026-03-25,SBIN.NS,largecap,1060.6,1234.7,857.25,90,2026-06-23,1024.2,EXPIRED_OPEN,-3.43,90
2026-03-25,JSWSTEEL.NS,largecap,1156,1305.37,1062.65,90,2026-04-28,1305.37,HIT_TARGET,12.92,34
2026-03-25,SUNPHARMA.NS,largecap,1795.4,1938.36,1583.7,90,2026-06-23,1868,EXPIRED_OPEN,4.04,90
2026-04-06,COALINDIA.NS,largecap,459.55,514.23,369.6,90,2026-07-06,432.35,EXPIRED_OPEN,-5.92,91
2026-04-06,ONGC.NS,largecap,281.85,314.13,228.61,90,2026-06-30,228.61,HIT_STOPLOSS,-18.89,85
2026-04-06,SBIN.NS,largecap,1032.75,1234.7,858.1,90,2026-07-06,1037.7,EXPIRED_OPEN,0.48,91
2026-04-06,JSWSTEEL.NS,largecap,1133.6,1284.7,1044.45,90,2026-04-21,1284.7,HIT_TARGET,13.33,15
2026-04-06,TATASTEEL.NS,largecap,196.1,222.93,160.06,90,2026-05-15,222.93,HIT_TARGET,13.68,39
2026-04-13,COALINDIA.NS,largecap,435.1,491.4,369.6,90,2026-07-13,430.2,EXPIRED_OPEN,-1.13,91
2026-04-13,ONGC.NS,largecap,287.55,320.23,228.61,90,2026-06-30,228.61,HIT_STOPLOSS,-20.5,78
2026-04-13,SBIN.NS,largecap,1063.55,1234.7,882.45,90,2026-07-13,1037,EXPIRED_OPEN,-2.5,91
2026-04-13,JSWSTEEL.NS,largecap,1204.2,1343.18,1073.2,90,2026-07-13,1237.4,EXPIRED_OPEN,2.76,91
2026-04-13,TATASTEEL.NS,largecap,206.39,231.6,160.06,90,2026-07-13,187.11,EXPIRED_OPEN,-9.34,91
2026-04-21,ONGC.NS,largecap,283.1,310.66,228.61,90,2026-06-30,228.61,HIT_STOPLOSS,-19.25,70
2026-04-28,ONGC.NS,largecap,301.3,328.84,228.61,90,2026-06-30,228.61,HIT_STOPLOSS,-24.13,63
2026-05-05,ONGC.NS,largecap,289.95,317.57,228.61,90,2026-06-30,228.61,HIT_STOPLOSS,-21.16,56
2026-05-12,ONGC.NS,largecap,294.5,324.83,228.61,90,2026-06-30,228.61,HIT_STOPLOSS,-22.37,49
2026-05-19,ONGC.NS,largecap,296.5,324.68,228.61,90,2026-06-30,228.61,HIT_STOPLOSS,-22.9,42
2026-05-26,ONGC.NS,largecap,287.5,314.83,228.61,90,2026-06-30,228.61,HIT_STOPLOSS,-20.48,35
2026-06-02,ONGC.NS,largecap,265.05,307.5,228.61,90,2026-06-30,228.61,HIT_STOPLOSS,-13.75,28
2025-05-23,MRF.NS,midcap,143670,153933.55,102124.05,120,2025-09-02,153933.55,HIT_TARGET,7.14,102
2025-05-23,LUPIN.NS,midcap,1978.9,2402.9,1795.2,120,2025-09-22,2004.4,EXPIRED_OPEN,1.29,122
2025-05-23,COFORGE.NS,midcap,1664.3,2005.36,1194.01,120,2025-09-22,1716.9,EXPIRED_OPEN,3.16,122
2025-05-23,SRF.NS,midcap,2900.2,3263.21,2196.85,120,2025-07-02,3263.21,HIT_TARGET,12.52,40
2025-05-23,FEDERALBNK.NS,midcap,203.43,223.17,172.66,120,2025-09-22,195,EXPIRED_OPEN,-4.14,122
2025-05-30,MRF.NS,midcap,138865,150784.52,102124.05,120,2025-07-09,150784.52,HIT_TARGET,8.58,40
2025-05-30,LUPIN.NS,midcap,1957.7,2402.9,1795.2,120,2025-09-29,1933.2,EXPIRED_OPEN,-1.25,122
2025-05-30,COFORGE.NS,midcap,1710.1,2005.36,1194.01,120,2025-09-29,1552.2,EXPIRED_OPEN,-9.23,122
2025-05-30,SRF.NS,midcap,2861,3164.72,2196.85,120,2025-06-10,3164.72,HIT_TARGET,10.62,11
2025-05-30,ABCAPITAL.NS,midcap,222.51,247.51,149.01,120,2025-06-11,247.51,HIT_TARGET,11.24,12
2025-06-06,MRF.NS,midcap,139530,152488.33,102124.05,120,2025-07-16,152488.33,HIT_TARGET,9.29,40
2025-06-06,SRF.NS,midcap,3123.5,3438.1,2196.85,120,2025-10-06,2940.2,EXPIRED_OPEN,-5.87,122
2025-06-06,LUPIN.NS,midcap,1999.6,2402.9,1795.2,120,2025-10-06,1937.3,EXPIRED_OPEN,-3.12,122
2025-06-06,COFORGE.NS,midcap,1775.5,2005.36,1194.01,120,2025-10-06,1662.4,EXPIRED_OPEN,-6.37,122
2025-06-06,OBEROIRLTY.NS,midcap,1908.2,2343.65,1451.95,120,2025-10-06,1622.3,EXPIRED_OPEN,-14.98,122
2025-06-13,SRF.NS,midcap,3099.6,3384.52,2196.85,120,2025-10-13,3047.4,EXPIRED_OPEN,-1.68,122
2025-06-13,COFORGE.NS,midcap,1792.5,2005.36,1194.01,120,2025-10-13,1716,EXPIRED_OPEN,-4.27,122
2025-06-13,LUPIN.NS,midcap,1999.6,2402.9,1795.2,120,2025-10-13,1972.4,EXPIRED_OPEN,-1.36,122
2025-06-13,MRF.NS,midcap,137620,150066.7,102124.05,120,2025-07-09,150066.7,HIT_TARGET,9.04,26
2025-06-13,ABCAPITAL.NS,midcap,240.37,267.97,149.01,120,2025-06-24,267.97,HIT_TARGET,11.48,11
2025-06-20,COFORGE.NS,midcap,1832,2044.56,1194.01,120,2025-10-20,1747.4,EXPIRED_OPEN,-4.62,122
2025-06-20,SRF.NS,midcap,3030.1,3305.33,2196.85,120,2025-07-10,3305.33,HIT_TARGET,9.08,20
2025-06-20,LUPIN.NS,midcap,1948,2402.9,1795.2,120,2025-10-20,1943.8,EXPIRED_OPEN,-0.22,122
2025-06-20,MRF.NS,midcap,134430,147435,102124.05,120,2025-07-03,147435,HIT_TARGET,9.67,13
2025-06-20,OBEROIRLTY.NS,midcap,1910.9,2343.65,1451.95,120,2025-10-20,1699.2,EXPIRED_OPEN,-11.08,122
2025-06-27,MRF.NS,midcap,143215,155210.06,102124.05,120,2025-09-23,155210.06,HIT_TARGET,8.38,88
2025-06-27,SRF.NS,midcap,3174.8,3457.58,2216.05,120,2025-10-27,3019.4,EXPIRED_OPEN,-4.89,122
2025-06-27,COFORGE.NS,midcap,1899.5,2101.36,1194.01,120,2025-10-27,1830.6,EXPIRED_OPEN,-3.63,122
2025-06-27,FEDERALBNK.NS,midcap,208.39,225.53,172.66,120,2025-10-20,225.53,HIT_TARGET,8.23,115
2025-06-27,ASHOKLEY.NS,midcap,124.86,134.28,95.93,120,2025-08-20,134.28,HIT_TARGET,7.54,54
2025-07-04,MRF.NS,midcap,143965,156080.98,102124.05,120,2025-09-23,156080.98,HIT_TARGET,8.42,81
2025-07-04,ABCAPITAL.NS,midcap,275.05,303.63,149.01,120,2025-10-03,303.63,HIT_TARGET,10.39,91
2025-07-04,SRF.NS,midcap,3230.5,3519.65,2484.5,120,2025-11-03,2968.1,EXPIRED_OPEN,-8.12,122
2025-07-04,FEDERALBNK.NS,midcap,215.32,232.87,172.66,120,2025-10-27,232.87,HIT_TARGET,8.15,115
2025-07-04,COFORGE.NS,midcap,1950.6,2141.17,1194.01,120,2025-11-03,1794.8,EXPIRED_OPEN,-7.99,122
2025-07-11,MRF.NS,midcap,148240,161589.69,102124.05,120,2025-10-20,161589.69,HIT_TARGET,9.01,101
2025-07-11,ABCAPITAL.NS,midcap,269.45,296.01,149.01,120,2025-09-24,296.01,HIT_TARGET,9.86,75
2025-07-11,SRF.NS,midcap,3182.5,3476.18,2487,120,2025-11-10,2903.9,EXPIRED_OPEN,-8.75,122
2025-07-11,CUMMINSIND.NS,midcap,3546.4,3843.83,2580,120,2025-08-08,3843.83,HIT_TARGET,8.39,28
2025-07-11,COFORGE.NS,midcap,1867.8,2057.44,1194.01,120,2025-11-10,1757.6,EXPIRED_OPEN,-5.9,122
2025-07-18,MRF.NS,midcap,148060,161219.53,102124.05,120,2025-10-20,161219.53,HIT_TARGET,8.89,94
2025-07-18,CUMMINSIND.NS,midcap,3536,3829.83,2580,120,2025-08-08,3829.83,HIT_TARGET,8.31,21
2025-07-18,COFORGE.NS,midcap,1859.3,2038.82,1194.01,120,2025-11-17,1801.1,EXPIRED_OPEN,-3.13,122
2025-07-18,ABCAPITAL.NS,midcap,264.35,288.54,149.01,120,2025-08-19,288.54,HIT_TARGET,9.15,32
2025-07-18,SRF.NS,midcap,3187.1,3456.87,2547,120,2025-11-17,2833.1,EXPIRED_OPEN,-11.11,122
2025-07-25,MRF.NS,midcap,149210,161450.12,102124.05,120,2025-10-20,161450.12,HIT_TARGET,8.2,87
2025-07-25,CUMMINSIND.NS,midcap,3535.1,3835.91,2580,120,2025-08-08,3835.91,HIT_TARGET,8.51,14
2025-07-25,ABCAPITAL.NS,midcap,260.35,287.83,149.01,120,2025-08-19,287.83,HIT_TARGET,10.56,25
2025-07-25,FEDERALBNK.NS,midcap,208.14,223.23,172.66,120,2025-10-20,223.23,HIT_TARGET,7.25,87
2025-07-25,LUPIN.NS,midcap,1951,2225,1795.2,120,2025-11-24,1999.6,EXPIRED_OPEN,2.49,122
2025-08-01,MRF.NS,midcap,145905,158010.66,102124.05,120,2025-10-08,158010.66,HIT_TARGET,8.3,68
2025-08-01,CUMMINSIND.NS,midcap,3568.7,3880.8,2580,120,2025-08-08,3880.8,HIT_TARGET,8.75,7
2025-08-01,ABCAPITAL.NS,midcap,251.45,282.65,149.01,120,2025-08-05,282.65,HIT_TARGET,12.41,4
2025-08-01,ASHOKLEY.NS,midcap,120.35,130.12,95.93,120,2025-08-18,130.12,HIT_TARGET,8.12,17
2025-08-01,LUPIN.NS,midcap,1867.3,2225,1758.45,120,2025-12-01,2081.9,EXPIRED_OPEN,11.49,122
2025-08-08,CUMMINSIND.NS,midcap,3806.9,4189.23,2580,120,2025-10-24,4189.23,HIT_TARGET,10.04,77
2025-08-08,MRF.NS,midcap,142715,154179.79,102124.05,120,2025-09-02,154179.79,HIT_TARGET,8.03,25
2025-08-08,ABCAPITAL.NS,midcap,271.8,307.44,149.01,120,2025-10-07,307.44,HIT_TARGET,13.11,60
2025-08-08,LUPIN.NS,midcap,1918,2150,1795.2,120,2025-12-08,2070.7,EXPIRED_OPEN,7.96,122
2025-08-08,FEDERALBNK.NS,midcap,196.35,220,172.66,120,2025-10-20,220,HIT_TARGET,12.04,73
2025-08-18,CUMMINSIND.NS,midcap,3783.4,4124.33,2580,120,2025-09-17,4124.33,HIT_TARGET,9.01,30
2025-08-18,MRF.NS,midcap,144515,157504.54,102124.05,120,2025-10-08,157504.54,HIT_TARGET,8.99,51
2025-08-18,ASHOKLEY.NS,midcap,131.76,145.42,95.93,120,2025-11-11,145.42,HIT_TARGET,10.37,85
2025-08-18,ABCAPITAL.NS,midcap,283.15,317.71,149.85,120,2025-10-28,317.71,HIT_TARGET,12.2,71
2025-08-18,LUPIN.NS,midcap,1968.3,2154.68,1795.2,120,2025-12-16,2090.6,EXPIRED_OPEN,6.21,120
2025-08-25,CUMMINSIND.NS,midcap,3880.5,4207.34,2580,120,2025-10-27,4207.34,HIT_TARGET,8.42,63
2025-08-25,MRF.NS,midcap,146745,159319.57,102124.05,120,2025-10-08,159319.57,HIT_TARGET,8.57,44
2025-08-25,MPHASIS.NS,midcap,2917.7,3228.8,2044.55,120,2025-12-23,2938.4,EXPIRED_OPEN,0.71,120
2025-08-25,COFORGE.NS,midcap,1764,1994,1194.01,120,2025-12-23,1780.2,EXPIRED_OPEN,0.92,120
2025-08-25,LUPIN.NS,midcap,1966.3,2150,1795.2,120,2025-12-23,2113.5,EXPIRED_OPEN,7.49,120
2025-09-02,CUMMINSIND.NS,midcap,3826.4,4155.6,2580,120,2025-09-18,4155.6,HIT_TARGET,8.6,16
2025-09-02,MRF.NS,midcap,153885,169203.37,104800,120,2025-12-31,152855,EXPIRED_OPEN,-0.67,120
2025-09-02,MPHASIS.NS,midcap,2902.6,3217.64,2044.55,120,2025-12-31,2791.2,EXPIRED_OPEN,-3.84,120
2025-09-02,COFORGE.NS,midcap,1754.6,1994,1194.01,120,2025-12-31,1663,EXPIRED_OPEN,-5.22,120
2025-09-02,LUPIN.NS,midcap,1889.7,2150,1790.33,120,2025-12-31,2109.5,EXPIRED_OPEN,11.63,120
2025-09-09,MRF.NS,midcap,149315,164418.83,105200,120,2026-01-07,150135,EXPIRED_OPEN,0.55,120
2025-09-09,CUMMINSIND.NS,midcap,4012,4339.07,2580,120,2025-10-29,4339.07,HIT_TARGET,8.15,50
2025-09-09,MPHASIS.NS,midcap,2853.3,3179.02,2044.55,120,2026-01-07,2874.8,EXPIRED_OPEN,0.75,120
2025-09-09,ASHOKLEY.NS,midcap,135.06,150.17,95.93,120,2025-11-13,150.17,HIT_TARGET,11.18,65
2025-09-09,LUPIN.NS,midcap,1957.3,2150,1795.2,120,2026-01-06,2150,HIT_TARGET,9.85,119
2025-09-16,MRF.NS,midcap,150890,165495.03,108001,120,2026-01-14,145665,EXPIRED_OPEN,-3.46,120
2025-09-16,CUMMINSIND.NS,midcap,4111,4415.16,2580,120,2025-11-07,4415.16,HIT_TARGET,7.4,52
2025-09-16,MPHASIS.NS,midcap,2950.7,3263.42,2044.55,120,2026-01-14,2788.8,EXPIRED_OPEN,-5.49,120
2025-09-16,LUPIN.NS,midcap,2051.8,2211.86,1795.2,120,2026-01-07,2211.86,HIT_TARGET,7.8,113
2025-09-16,ASHOKLEY.NS,midcap,134.54,148.28,95.93,120,2025-11-13,148.28,HIT_TARGET,10.21,58
2025-09-23,CUMMINSIND.NS,midcap,4005.2,4308.59,2580,120,2025-10-27,4308.59,HIT_TARGET,7.57,34
2025-09-23,MRF.NS,midcap,155935,170378.2,108001,120,2026-01-21,140050,EXPIRED_OPEN,-10.19,120
2025-09-23,MPHASIS.NS,midcap,2766.6,3094.83,2044.55,120,2026-01-21,2798.9,EXPIRED_OPEN,1.17,120
2025-09-23,LUPIN.NS,midcap,2007,2159.04,1795.2,120,2026-01-06,2159.04,HIT_TARGET,7.58,105
2025-09-23,ASHOKLEY.NS,midcap,144.04,158.21,95.93,120,2025-11-27,158.21,HIT_TARGET,9.84,65
2025-09-30,CUMMINSIND.NS,midcap,3926.5,4240.47,2690,120,2025-10-27,4240.47,HIT_TARGET,8,27
2025-09-30,MRF.NS,midcap,145820,160177.05,111300.2,120,2025-10-20,160177.05,HIT_TARGET,9.85,20
2025-09-30,ASHOKLEY.NS,midcap,142.67,156.24,99,120,2025-11-27,156.24,HIT_TARGET,9.51,58
2025-09-30,ABCAPITAL.NS,midcap,292.35,323.97,180.4,120,2025-10-30,323.97,HIT_TARGET,10.82,30
2025-09-30,LUPIN.NS,midcap,1911.3,2149.5,1806.52,120,2026-01-06,2149.5,HIT_TARGET,12.46,98
2025-10-08,CUMMINSIND.NS,midcap,3912.5,4231.6,2706,120,2025-10-27,4231.6,HIT_TARGET,8.16,19
2025-10-08,MRF.NS,midcap,155210,171242.98,123990,120,2026-02-05,134970,EXPIRED_OPEN,-13.04,120
2025-10-08,COFORGE.NS,midcap,1713.7,1994,1250.2,120,2026-02-05,1599.8,EXPIRED_OPEN,-6.65,120
2025-10-08,ASHOKLEY.NS,midcap,139.37,152.74,106.42,120,2025-11-14,152.74,HIT_TARGET,9.6,37
2025-10-08,MPHASIS.NS,midcap,2799.8,3105.45,2191.1,120,2026-02-05,2648.7,EXPIRED_OPEN,-5.4,120
2025-10-15,CUMMINSIND.NS,midcap,3957.4,4263.71,2706,120,2025-10-27,4263.71,HIT_TARGET,7.74,12
2025-10-15,MRF.NS,midcap,155310,169836,127400,120,2026-02-12,151210,EXPIRED_OPEN,-2.64,120
2025-10-15,COFORGE.NS,midcap,1765.4,1994,1436.3,120,2026-02-12,1436.3,HIT_STOPLOSS,-18.64,120
2025-10-15,MPHASIS.NS,midcap,2781.9,3061.06,2311.1,120,2026-02-12,2464,EXPIRED_OPEN,-11.43,120
2025-10-15,ASHOKLEY.NS,midcap,135.69,147.85,108.1,120,2025-11-13,147.85,HIT_TARGET,8.96,29
2025-10-23,CUMMINSIND.NS,midcap,4073.9,4376.68,2706,120,2025-10-30,4376.68,HIT_TARGET,7.43,7
2025-10-23,MRF.NS,midcap,162295,176400.04,131500,120,2026-01-29,131500,HIT_STOPLOSS,-18.97,98
2025-10-23,COFORGE.NS,midcap,1754.7,1994,1467.2,120,2026-02-12,1467.2,HIT_STOPLOSS,-16.38,112
2025-10-23,ASHOKLEY.NS,midcap,137.85,149.44,108.1,120,2025-11-13,149.44,HIT_TARGET,8.41,21
2025-10-23,ABCAPITAL.NS,midcap,308,337.36,188.41,120,2025-11-07,337.36,HIT_TARGET,9.53,15
2025-10-30,CUMMINSIND.NS,midcap,4384.2,4722.46,2778.5,120,2026-02-18,4722.46,HIT_TARGET,7.72,111
2025-10-30,COFORGE.NS,midcap,1807.7,1994,1525,120,2026-02-11,1525,HIT_STOPLOSS,-15.64,104
2025-10-30,MRF.NS,midcap,158135,171708.13,132740,120,2026-01-29,132740,HIT_STOPLOSS,-16.06,91
2025-10-30,MPHASIS.NS,midcap,2893.7,3175.35,2386.7,120,2026-02-13,2386.7,HIT_STOPLOSS,-17.52,106
2025-10-30,ASHOKLEY.NS,midcap,140.77,152.6,112.79,120,2025-11-14,152.6,HIT_TARGET,8.4,15
2025-11-07,CUMMINSIND.NS,midcap,4291.8,4676.58,2915.6,120,2026-02-18,4676.58,HIT_TARGET,8.97,103
2025-11-07,OBEROIRLTY.NS,midcap,1792.9,2005,1559.1,120,2026-01-20,1559.1,HIT_STOPLOSS,-13.04,74
2025-11-07,MRF.NS,midcap,158765,171232.33,132740,120,2026-01-29,132740,HIT_STOPLOSS,-16.39,83
2025-11-07,FEDERALBNK.NS,midcap,237.26,254.66,185.11,120,2025-11-25,254.66,HIT_TARGET,7.33,18
2025-11-07,ASHOKLEY.NS,midcap,141.28,153.35,114.96,120,2025-11-27,153.35,HIT_TARGET,8.55,20
2025-11-14,CUMMINSIND.NS,midcap,4283.2,4672.79,2915.6,120,2026-02-18,4672.79,HIT_TARGET,9.1,96
2025-11-14,FEDERALBNK.NS,midcap,236.26,252.79,185.11,120,2025-11-25,252.79,HIT_TARGET,7,11
2025-11-14,LUPIN.NS,midcap,2055.3,2224.29,1836.8,120,2026-01-07,2224.29,HIT_TARGET,8.22,54
2025-11-14,ASHOKLEY.NS,midcap,148.26,163.53,114.96,120,2025-12-02,163.53,HIT_TARGET,10.3,18
2025-11-14,MRF.NS,midcap,157400,168705.04,132740,120,2026-01-29,132740,HIT_STOPLOSS,-15.67,76
2025-11-21,CUMMINSIND.NS,midcap,4333.8,4733.4,3212.2,120,2026-02-18,4733.4,HIT_TARGET,9.22,89
2025-11-21,LUPIN.NS,midcap,2029.4,2177.43,1836.8,120,2026-01-07,2177.43,HIT_TARGET,7.29,47
2025-11-21,PERSISTENT.NS,midcap,6296.5,6804.03,4785,120,2026-02-24,4785,HIT_STOPLOSS,-24.01,95
2025-11-21,FEDERALBNK.NS,midcap,245.06,262.07,185.11,120,2025-12-09,262.07,HIT_TARGET,6.94,18
2025-11-21,ASHOKLEY.NS,midcap,144.69,158.29,114.96,120,2025-11-27,158.29,HIT_TARGET,9.4,6
2025-11-28,CUMMINSIND.NS,midcap,4479.3,4878.53,3212.2,120,2026-02-23,4878.53,HIT_TARGET,8.91,87
2025-11-28,LUPIN.NS,midcap,2082.2,2228.07,1836.8,120,2026-02-05,2228.07,HIT_TARGET,7.01,69
2025-11-28,ASHOKLEY.NS,midcap,158.12,174.76,114.96,120,2025-12-22,174.76,HIT_TARGET,10.52,24
2025-11-28,FEDERALBNK.NS,midcap,257.92,276.7,185.11,120,2026-01-16,276.7,HIT_TARGET,7.28,49
2025-11-28,PERSISTENT.NS,midcap,6353,6832.52,4785,120,2026-02-24,4785,HIT_STOPLOSS,-24.68,88
2025-12-05,CUMMINSIND.NS,midcap,4468.9,4843.85,3212.2,120,2026-02-23,4843.85,HIT_TARGET,8.39,80
2025-12-05,LUPIN.NS,midcap,2098.8,2240.92,1836.8,120,2026-02-05,2240.92,HIT_TARGET,6.77,62
2025-12-05,ASHOKLEY.NS,midcap,160.86,177.01,114.96,120,2025-12-22,177.01,HIT_TARGET,10.04,17
2025-12-05,PERSISTENT.NS,midcap,6520.5,7006.37,4785,120,2026-02-24,4785,HIT_STOPLOSS,-26.62,81
2025-12-05,FEDERALBNK.NS,midcap,259.2,277.26,185.11,120,2026-01-16,277.26,HIT_TARGET,6.97,42
2025-12-12,CUMMINSIND.NS,midcap,4600.2,4966.01,3218.6,120,2026-02-26,4966.01,HIT_TARGET,7.95,76
2025-12-12,LUPIN.NS,midcap,2113.9,2256.74,1836.8,120,2026-02-17,2256.74,HIT_TARGET,6.76,67
2025-12-12,ASHOKLEY.NS,midcap,163.86,180.17,114.96,120,2025-12-31,180.17,HIT_TARGET,9.95,19
2025-12-12,FEDERALBNK.NS,midcap,261.35,279.43,185.11,120,2026-01-19,279.43,HIT_TARGET,6.92,38
2025-12-12,PERSISTENT.NS,midcap,6336.5,6943.71,4785,120,2026-02-24,4785,HIT_STOPLOSS,-24.49,74
2025-12-19,CUMMINSIND.NS,midcap,4410.4,4781.17,3312.4,120,2026-02-18,4781.17,HIT_TARGET,8.41,61
2025-12-19,LUPIN.NS,midcap,2125.8,2264.22,1836.8,120,2026-02-25,2264.22,HIT_TARGET,6.51,68
2025-12-19,FEDERALBNK.NS,midcap,267.85,285.26,185.11,120,2026-01-22,285.26,HIT_TARGET,6.5,34
2025-12-19,PERSISTENT.NS,midcap,6358,6914.88,4785,120,2026-02-24,4785,HIT_STOPLOSS,-24.74,67
2025-12-19,ASHOKLEY.NS,midcap,173.56,189.9,114.96,120,2026-01-02,189.9,HIT_TARGET,9.41,14
2025-12-29,CUMMINSIND.NS,midcap,4402.2,4798.71,3330.3,120,2026-02-23,4798.71,HIT_TARGET,9.01,56
2025-12-29,FEDERALBNK.NS,midcap,262.9,280.25,185.11,120,2026-01-22,280.25,HIT_TARGET,6.6,24
2025-12-29,LUPIN.NS,midcap,2082.1,2209.37,1836.8,120,2026-01-07,2209.37,HIT_TARGET,6.11,9
2025-12-29,ASHOKLEY.NS,midcap,174.92,190.1,114.96,120,2026-01-05,190.1,HIT_TARGET,8.68,7
2025-12-29,PERSISTENT.NS,midcap,6228.5,6801.48,4785,120,2026-02-24,4785,HIT_STOPLOSS,-23.18,57
2026-01-05,CUMMINSIND.NS,midcap,4309.8,4729.2,3465,120,2026-02-18,4729.2,HIT_TARGET,9.73,44
2026-01-05,FEDERALBNK.NS,midcap,263.75,281.61,185.11,120,2026-01-22,281.61,HIT_TARGET,6.77,17
2026-01-05,LUPIN.NS,midcap,2083.7,2213.36,1836.8,120,2026-01-07,2213.36,HIT_TARGET,6.22,2
2026-01-05,ASHOKLEY.NS,midcap,187.76,205.29,114.96,120,2026-02-09,205.29,HIT_TARGET,9.34,35
2026-01-05,ABCAPITAL.NS,midcap,363.3,394.57,243,120,2026-05-05,360.85,EXPIRED_OPEN,-0.67,120
2026-01-12,LUPIN.NS,midcap,2188.4,2349.46,1836.8,120,2026-03-05,2349.46,HIT_TARGET,7.36,52
2026-01-12,FEDERALBNK.NS,midcap,252.9,272.82,185.11,120,2026-01-16,272.82,HIT_TARGET,7.88,4
2026-01-12,PERSISTENT.NS,midcap,6325.5,6924.67,4785,120,2026-02-24,4785,HIT_STOPLOSS,-24.35,43
2026-01-12,ASHOKLEY.NS,midcap,187.01,204.72,114.96,120,2026-02-04,204.72,HIT_TARGET,9.47,23
2026-01-12,ABCAPITAL.NS,midcap,355.25,388.82,243,120,2026-05-12,341.2,EXPIRED_OPEN,-3.95,120
2026-01-19,FEDERALBNK.NS,midcap,279.7,308.01,185.11,120,2026-05-19,286.6,EXPIRED_OPEN,2.47,120
2026-01-19,LUPIN.NS,midcap,2177.1,2336.45,1836.8,120,2026-03-05,2336.45,HIT_TARGET,7.32,45
2026-01-19,ASHOKLEY.NS,midcap,187.98,204.43,114.96,120,2026-02-04,204.43,HIT_TARGET,8.75,16
2026-01-19,PERSISTENT.NS,midcap,6438,7027.93,4785,120,2026-02-24,4785,HIT_STOPLOSS,-25.68,36
2026-01-19,CUMMINSIND.NS,midcap,4031.3,4615,3481.5,120,2026-02-18,4615,HIT_TARGET,14.48,30
2026-01-27,FEDERALBNK.NS,midcap,284.95,315.12,185.11,120,2026-05-27,288.9,EXPIRED_OPEN,1.39,120
2026-01-27,LUPIN.NS,midcap,2150.5,2320.5,1836.8,120,2026-02-26,2320.5,HIT_TARGET,7.9,30
2026-01-27,ASHOKLEY.NS,midcap,193,214.7,114.96,120,2026-02-11,214.7,HIT_TARGET,11.25,15
2026-01-27,PERSISTENT.NS,midcap,6216,6919.45,4785,120,2026-02-24,4785,HIT_STOPLOSS,-23.02,28
2026-01-27,CUMMINSIND.NS,midcap,3928.3,4615,3494.2,120,2026-02-18,4615,HIT_TARGET,17.48,22
2026-02-03,LUPIN.NS,midcap,2185.9,2383.3,1875,120,2026-05-06,2383.3,HIT_TARGET,9.03,92
2026-02-03,FEDERALBNK.NS,midcap,285.5,317.99,188.4,120,2026-06-03,301.05,EXPIRED_OPEN,5.45,120
2026-02-03,ASHOKLEY.NS,midcap,199.87,224.33,114.96,120,2026-06-03,145.84,EXPIRED_OPEN,-27.03,120
2026-02-03,PERSISTENT.NS,midcap,6278.5,7055.31,4785,120,2026-02-24,4785,HIT_STOPLOSS,-23.79,21
2026-02-03,CUMMINSIND.NS,midcap,4165.8,4636.33,3729.5,120,2026-02-18,4636.33,HIT_TARGET,11.29,15
2026-02-10,LUPIN.NS,midcap,2204.1,2399.58,1875,120,2026-05-06,2399.58,HIT_TARGET,8.87,85
2026-02-10,FEDERALBNK.NS,midcap,282.25,310.99,188.4,120,2026-06-09,310.99,HIT_TARGET,10.18,119
2026-02-10,CUMMINSIND.NS,midcap,4418.3,4958.29,3729.5,120,2026-02-26,4958.29,HIT_TARGET,12.22,16
2026-02-10,ASHOKLEY.NS,midcap,209.73,232.72,125.85,120,2026-06-10,141.54,EXPIRED_OPEN,-32.51,120
2026-02-10,PERSISTENT.NS,midcap,5872.5,6668.15,4785,120,2026-02-24,4785,HIT_STOPLOSS,-18.52,14
2026-02-17,LUPIN.NS,midcap,2247.5,2439.52,1875,120,2026-05-06,2439.52,HIT_TARGET,8.54,78
2026-02-17,FEDERALBNK.NS,midcap,288.85,318.18,188.4,120,2026-06-12,318.18,HIT_TARGET,10.16,115
2026-02-17,CUMMINSIND.NS,midcap,4597.8,5118.3,3777.3,120,2026-04-10,5118.3,HIT_TARGET,11.32,52
2026-02-17,ASHOKLEY.NS,midcap,207.68,232.57,125.85,120,2026-06-17,159.57,EXPIRED_OPEN,-23.17,120
2026-02-17,ABCAPITAL.NS,midcap,348.95,393.74,272.7,120,2026-06-17,372.45,EXPIRED_OPEN,6.73,120
2026-02-24,LUPIN.NS,midcap,2250.2,2426.31,1875,120,2026-05-06,2426.31,HIT_TARGET,7.83,71
2026-02-24,FEDERALBNK.NS,midcap,295.65,323.34,188.4,120,2026-06-17,323.34,HIT_TARGET,9.37,113
2026-02-24,CUMMINSIND.NS,midcap,4910.4,5455.38,3792,120,2026-05-08,5455.38,HIT_TARGET,11.1,73
2026-02-24,ASHOKLEY.NS,midcap,210.18,232.67,126.54,120,2026-06-24,154.91,EXPIRED_OPEN,-26.3,120
2026-02-24,ABCAPITAL.NS,midcap,349.3,391.48,272.7,120,2026-06-22,391.48,HIT_TARGET,12.08,118
2026-03-04,LUPIN.NS,midcap,2304.9,2486.48,1900,120,2026-05-07,2486.48,HIT_TARGET,7.88,64
2026-03-04,FEDERALBNK.NS,midcap,286.45,315.31,189.05,120,2026-06-09,315.31,HIT_TARGET,10.07,97
2026-03-04,CUMMINSIND.NS,midcap,4584.8,5132.36,3833,120,2026-04-10,5132.36,HIT_TARGET,11.94,37
2026-03-04,ASHOKLEY.NS,midcap,200.46,225.14,132.26,120,2026-07-02,164.73,EXPIRED_OPEN,-17.82,120
2026-03-05,AUROPHARMA.NS,midcap,1225.5,1380.43,1048,120,2026-04-16,1380.43,HIT_TARGET,12.64,42
2026-03-11,LUPIN.NS,midcap,2344.6,2533.17,1900,120,2026-07-09,2503.3,EXPIRED_OPEN,6.77,120
2026-03-11,FEDERALBNK.NS,midcap,269.45,302,189.05,120,2026-06-03,302,HIT_TARGET,12.08,84
2026-03-11,CUMMINSIND.NS,midcap,4630.7,5264.65,3833,120,2026-04-21,5264.65,HIT_TARGET,13.69,41
2026-03-11,ASHOKLEY.NS,midcap,184.66,215.42,134.21,120,2026-07-09,155.19,EXPIRED_OPEN,-15.96,120
2026-03-12,AUROPHARMA.NS,midcap,1311.9,1469.39,1066.8,120,2026-05-06,1469.39,HIT_TARGET,12,55
2026-03-18,LUPIN.NS,midcap,2302.4,2489.92,1900,120,2026-05-07,2489.92,HIT_TARGET,8.14,50
2026-03-18,FEDERALBNK.NS,midcap,271.5,303.84,189.05,120,2026-06-05,303.84,HIT_TARGET,11.91,79
2026-03-18,CUMMINSIND.NS,midcap,4717.6,5366,3833,120,2026-05-07,5366,HIT_TARGET,13.74,50
2026-03-18,ASHOKLEY.NS,midcap,178.62,215.42,134.21,120,2026-07-16,154.87,EXPIRED_OPEN,-13.3,120
2026-03-18,SUNTV.NS,midcap,598.35,698.97,480.2,120,2026-07-16,500.6,EXPIRED_OPEN,-16.34,120
2026-03-25,FEDERALBNK.NS,midcap,270.95,306.33,191.6,120,2026-06-08,306.33,HIT_TARGET,13.06,75
2026-03-25,CUMMINSIND.NS,midcap,4738.6,5408.87,3833,120,2026-05-07,5408.87,HIT_TARGET,14.14,43
2026-03-27,AUROPHARMA.NS,midcap,1314.2,1467.8,1066.8,120,2026-05-06,1467.8,HIT_TARGET,11.69,40
2026-04-06,LUPIN.NS,midcap,2279.9,2507.75,1900,120,2026-07-07,2507.75,HIT_TARGET,9.99,92
2026-04-06,FEDERALBNK.NS,midcap,271.5,308.49,202.15,120,2026-06-08,308.49,HIT_TARGET,13.62,63
2026-04-06,CUMMINSIND.NS,midcap,4698.3,5372.23,3883.1,120,2026-05-07,5372.23,HIT_TARGET,14.34,31
2026-04-07,AUROPHARMA.NS,midcap,1330,1494.42,1080.1,120,2026-05-07,1494.42,HIT_TARGET,12.36,30
2026-04-06,PERSISTENT.NS,midcap,5309.4,6599,4449.1,120,2026-06-29,4449.1,HIT_STOPLOSS,-16.2,84
2026-04-13,CUMMINSIND.NS,midcap,4991.4,5675.86,3883.1,120,2026-05-27,5675.86,HIT_TARGET,13.71,44
2026-04-13,FEDERALBNK.NS,midcap,288.2,325.01,211.52,120,2026-06-24,325.01,HIT_TARGET,12.77,72
2026-04-13,OBEROIRLTY.NS,midcap,1685.2,1919.78,1391.2,120,2026-07-03,1919.78,HIT_TARGET,13.92,81
2026-04-21,LUPIN.NS,midcap,2311.5,2514.36,1900,120,2026-07-07,2514.36,HIT_TARGET,8.78,77
2026-04-21,CUMMINSIND.NS,midcap,5116.4,5774.31,3883.1,120,2026-05-27,5774.31,HIT_TARGET,12.86,36
2026-04-21,FEDERALBNK.NS,midcap,295.75,330.58,226.89,120,2026-06-30,330.58,HIT_TARGET,11.78,70
2026-04-21,OBEROIRLTY.NS,midcap,1723.9,1937.27,1391.2,120,2026-07-03,1937.27,HIT_TARGET,12.38,73
2026-04-28,LUPIN.NS,midcap,2302.7,2522.09,1936.1,120,2026-07-08,2522.09,HIT_TARGET,9.53,71
2026-04-28,CUMMINSIND.NS,midcap,5258,5862.64,3883.1,120,2026-05-27,5862.64,HIT_TARGET,11.5,29
2026-04-28,FEDERALBNK.NS,midcap,290.6,320.78,232.42,120,2026-06-16,320.78,HIT_TARGET,10.39,49
2026-04-28,OBEROIRLTY.NS,midcap,1710.3,1907.19,1391.2,120,2026-07-03,1907.19,HIT_TARGET,11.51,66
2026-04-29,AUROPHARMA.NS,midcap,1396.8,1541.94,1100,120,2026-05-21,1541.94,HIT_TARGET,10.39,22
2026-05-05,CUMMINSIND.NS,midcap,5260,5784.82,3883.1,120,2026-05-27,5784.82,HIT_TARGET,9.98,22
2026-05-05,FEDERALBNK.NS,midcap,292.6,322.97,233.48,120,2026-06-17,322.97,HIT_TARGET,10.38,43
2026-05-06,AUROPHARMA.NS,midcap,1484,1632.36,1106,120,2026-07-03,1632.36,HIT_TARGET,10,58
2026-05-06,OBEROIRLTY.NS,midcap,1673.4,1854.92,1391.2,120,2026-07-02,1854.92,HIT_TARGET,10.85,57
2026-05-12,LUPIN.NS,midcap,2245.4,2503.59,1983.5,120,2026-07-06,2503.59,HIT_TARGET,11.5,55
2026-05-12,CUMMINSIND.NS,midcap,5160,5684.57,3883.1,120,2026-05-27,5684.57,HIT_TARGET,10.17,15
2026-05-12,FEDERALBNK.NS,midcap,284.8,315.35,235.27,120,2026-06-09,315.35,HIT_TARGET,10.73,28
2026-05-13,AUROPHARMA.NS,midcap,1497.5,1635.21,1106,120,2026-07-03,1635.21,HIT_TARGET,9.2,51
2026-05-19,CUMMINSIND.NS,midcap,5254,5786.41,3883.1,120,2026-05-27,5786.41,HIT_TARGET,10.13,8
2026-05-19,FEDERALBNK.NS,midcap,286.6,315.66,242.3,120,2026-06-09,315.66,HIT_TARGET,10.14,21
2026-05-19,BANDHANBNK.NS,midcap,191.21,217.69,134.25,120,2026-06-16,217.69,HIT_TARGET,13.85,28
2026-05-20,OBEROIRLTY.NS,midcap,1626.7,1815.84,1391.2,120,2026-07-02,1815.84,HIT_TARGET,11.63,43
2026-05-26,CUMMINSIND.NS,midcap,5418.5,5923.5,3883.1,120,2026-05-27,5923.5,HIT_TARGET,9.32,1
2026-05-26,LUPIN.NS,midcap,2266,2494,2036.7,120,2026-07-06,2494,HIT_TARGET,10.06,41
2026-05-26,FEDERALBNK.NS,midcap,290.2,318.14,242.3,120,2026-06-12,318.14,HIT_TARGET,9.63,17
2026-05-27,OBEROIRLTY.NS,midcap,1692.6,1877.02,1391.2,120,2026-07-03,1877.02,HIT_TARGET,10.9,37
2026-06-02,LUPIN.NS,midcap,2249.8,2494,2036.7,120,2026-07-06,2494,HIT_TARGET,10.85,34
2026-06-02,FEDERALBNK.NS,midcap,293.05,320.36,242.3,120,2026-06-15,320.36,HIT_TARGET,9.32,13
2026-06-03,OBEROIRLTY.NS,midcap,1637.4,1831.49,1391.2,120,2026-07-02,1831.49,HIT_TARGET,11.85,29
2025-05-23,CHAMBLFERT.NS,smallcap,594.3,742.2,452.35,150,2025-10-20,483.05,EXPIRED_OPEN,-18.72,150
2025-05-23,GRSE.NS,smallcap,2781.1,3442.79,1184.9,150,2025-06-04,3442.79,HIT_TARGET,23.79,12
2025-05-23,NH.NS,smallcap,1724.4,1944.9,1238.1,150,2025-06-16,1944.9,HIT_TARGET,12.79,24
2025-05-23,RADICO.NS,smallcap,2452.6,2772.73,1845.5,150,2025-06-04,2772.73,HIT_TARGET,13.05,12
2025-05-23,MAHSEAMLES.NS,smallcap,690.55,814.3,580.2,150,2025-10-08,580.2,HIT_STOPLOSS,-15.98,138
2025-05-30,CHAMBLFERT.NS,smallcap,551,742.2,452.35,150,2025-10-27,486.85,EXPIRED_OPEN,-11.64,150
2025-05-30,GRSE.NS,smallcap,3003.2,3659.1,1184.9,150,2025-10-27,2573.9,EXPIRED_OPEN,-14.29,150
2025-05-30,NH.NS,smallcap,1743.9,1980.92,1256.55,150,2025-06-23,1980.92,HIT_TARGET,13.59,24
2025-05-30,AAVAS.NS,smallcap,1843.4,2234,1625,150,2025-08-19,1625,HIT_STOPLOSS,-11.85,81
2025-05-30,RADICO.NS,smallcap,2532.8,2817.69,1845.5,150,2025-08-01,2817.69,HIT_TARGET,11.25,63
2025-06-06,CHAMBLFERT.NS,smallcap,540.05,742.2,452.35,150,2025-11-03,488.3,EXPIRED_OPEN,-9.58,150
2025-06-06,GRSE.NS,smallcap,3252.2,4006.76,1184.9,150,2025-11-03,2573.8,EXPIRED_OPEN,-20.86,150
2025-06-06,NH.NS,smallcap,1750.7,1960.27,1256.55,150,2025-06-23,1960.27,HIT_TARGET,11.97,17
2025-06-06,AAVAS.NS,smallcap,1922.3,2234,1625,150,2025-08-19,1625,HIT_STOPLOSS,-15.47,74
2025-06-06,RADICO.NS,smallcap,2630.4,2960.54,1845.5,150,2025-09-15,2960.54,HIT_TARGET,12.55,101
2025-06-13,GRSE.NS,smallcap,3069.3,3850.95,1184.9,150,2025-11-10,2682.5,EXPIRED_OPEN,-12.6,150
2025-06-13,CHAMBLFERT.NS,smallcap,549.45,742.2,452.35,150,2025-11-10,468.85,EXPIRED_OPEN,-14.67,150
2025-06-13,SHILPAMED.NS,smallcap,492.9,570.84,277.5,150,2025-11-10,382.7,EXPIRED_OPEN,-22.36,150
2025-06-13,RADICO.NS,smallcap,2608,2926.96,1845.5,150,2025-08-01,2926.96,HIT_TARGET,12.23,49
2025-06-13,NH.NS,smallcap,1913,2139.11,1256.55,150,2025-06-26,2139.11,HIT_TARGET,11.82,13
2025-06-20,GRSE.NS,smallcap,3287.6,4041.72,1184.9,150,2025-11-17,2888.1,EXPIRED_OPEN,-12.15,150
2025-06-20,CHAMBLFERT.NS,smallcap,550.85,742.2,452.35,150,2025-11-17,469.3,EXPIRED_OPEN,-14.8,150
2025-06-20,NH.NS,smallcap,1903.4,2142.44,1256.55,150,2025-06-26,2142.44,HIT_TARGET,12.56,6
2025-06-20,SHILPAMED.NS,smallcap,440.23,523.88,277.5,150,2025-11-17,374.85,EXPIRED_OPEN,-14.85,150
2025-06-20,RADICO.NS,smallcap,2632.9,2931.79,1845.5,150,2025-08-01,2931.79,HIT_TARGET,11.35,42
2025-06-27,CHAMBLFERT.NS,smallcap,560.25,742.2,452.35,150,2025-11-24,452.35,HIT_STOPLOSS,-19.26,150
2025-06-27,GRSE.NS,smallcap,3032.6,3842.58,1184.9,150,2025-11-24,2711.9,EXPIRED_OPEN,-10.58,150
2025-06-27,AAVAS.NS,smallcap,1986.2,2245.51,1625,150,2025-08-19,1625,HIT_STOPLOSS,-18.19,53
2025-06-27,MAHSEAMLES.NS,smallcap,762.3,861.54,580.2,150,2025-10-08,580.2,HIT_STOPLOSS,-23.89,103
2025-06-27,SHILPAMED.NS,smallcap,431.98,513.96,277.5,150,2025-11-24,349.95,EXPIRED_OPEN,-18.99,150
2025-07-04,CHAMBLFERT.NS,smallcap,563.3,742.2,452.35,150,2025-11-24,452.35,HIT_STOPLOSS,-19.7,143
2025-07-04,GRSE.NS,smallcap,2973.9,3628.45,1184.9,150,2025-12-01,2735,EXPIRED_OPEN,-8.03,150
2025-07-04,NH.NS,smallcap,2011.4,2381.55,1256.55,150,2025-12-01,1910.6,EXPIRED_OPEN,-5.01,150
2025-07-04,SHILPAMED.NS,smallcap,448.48,523.41,277.5,150,2025-12-01,348.55,EXPIRED_OPEN,-22.28,150
2025-07-04,AAVAS.NS,smallcap,1910,2234,1625,150,2025-08-19,1625,HIT_STOPLOSS,-14.92,46
2025-07-11,CHAMBLFERT.NS,smallcap,535.2,742.2,462.45,150,2025-11-11,462.45,HIT_STOPLOSS,-13.59,123
2025-07-11,GRSE.NS,smallcap,2801.6,3538.4,1184.9,150,2025-12-08,2363.6,EXPIRED_OPEN,-15.63,150
2025-07-11,AAVAS.NS,smallcap,2009.2,2323.85,1626.45,150,2025-08-19,1626.45,HIT_STOPLOSS,-19.05,39
2025-07-11,KAJARIACER.NS,smallcap,1179.3,1313.07,758.7,150,2025-08-08,1313.07,HIT_TARGET,11.34,28
2025-07-11,NH.NS,smallcap,2007,2370.2,1260,150,2025-12-08,1924.6,EXPIRED_OPEN,-4.11,150
2025-07-18,CHAMBLFERT.NS,smallcap,548.65,742.2,462.45,150,2025-11-11,462.45,HIT_STOPLOSS,-15.71,116
2025-07-18,RADICO.NS,smallcap,2718.3,2965.68,1845.5,150,2025-09-15,2965.68,HIT_TARGET,9.1,59
2025-07-18,SHILPAMED.NS,smallcap,457.85,529.45,277.5,150,2025-12-15,323.75,EXPIRED_OPEN,-29.29,150
2025-07-18,KAJARIACER.NS,smallcap,1226.2,1367.21,758.7,150,2025-12-15,1098.3,EXPIRED_OPEN,-10.43,150
2025-07-18,GRSE.NS,smallcap,2618.2,3538.4,1184.9,150,2025-12-15,2349.9,EXPIRED_OPEN,-10.25,150
2025-07-25,CHAMBLFERT.NS,smallcap,538,742.2,476.65,150,2025-11-07,476.65,HIT_STOPLOSS,-11.4,105
2025-07-25,KAJARIACER.NS,smallcap,1170.5,1330.9,758.7,150,2025-12-22,1048.8,EXPIRED_OPEN,-10.4,150
2025-07-25,RADICO.NS,smallcap,2702.1,2942.46,1845.5,150,2025-09-03,2942.46,HIT_TARGET,8.9,40
2025-07-25,GRSE.NS,smallcap,2574.4,3538.4,1184.9,150,2025-12-22,2427,EXPIRED_OPEN,-5.73,150
2025-07-25,SHILPAMED.NS,smallcap,455.08,528.79,277.5,150,2025-12-22,330.4,EXPIRED_OPEN,-27.4,150
2025-08-01,RADICO.NS,smallcap,2838.8,3130.87,1845.5,150,2025-10-20,3130.87,HIT_TARGET,10.29,80
2025-08-01,KAJARIACER.NS,smallcap,1183.5,1341.88,758.7,150,2025-12-29,972.6,EXPIRED_OPEN,-17.82,150
2025-08-01,CHAMBLFERT.NS,smallcap,518.3,742.2,476.82,150,2025-11-07,476.82,HIT_STOPLOSS,-8,98
2025-08-01,GRSE.NS,smallcap,2580.7,3538.4,1184.9,150,2025-12-29,2483.4,EXPIRED_OPEN,-3.77,150
2025-08-01,FINEORG.NS,smallcap,5243,5926.6,3407,150,2025-12-29,4159.2,EXPIRED_OPEN,-20.67,150
2025-08-08,KAJARIACER.NS,smallcap,1308.5,1480.73,758.7,150,2026-01-05,982.55,EXPIRED_OPEN,-24.91,150
2025-08-08,CHAMBLFERT.NS,smallcap,530.55,742.2,482.8,150,2025-10-14,482.8,HIT_STOPLOSS,-9,67
2025-08-08,RADICO.NS,smallcap,2824.1,3204.96,1845.5,150,2025-10-20,3204.96,HIT_TARGET,13.49,73
2025-08-08,GRSE.NS,smallcap,2517.8,3538.4,1184.9,150,2026-01-05,2502,EXPIRED_OPEN,-0.63,150
2025-08-08,CDSL.NS,smallcap,1567.1,1828.9,1047.45,150,2026-01-05,1468.6,EXPIRED_OPEN,-6.29,150
2025-08-18,KAJARIACER.NS,smallcap,1282.7,1454.16,758.7,150,2026-01-15,995.55,EXPIRED_OPEN,-22.39,150
2025-08-18,RADICO.NS,smallcap,2851.3,3213.84,1987.4,150,2025-10-20,3213.84,HIT_TARGET,12.71,63
2025-08-18,SHILPAMED.NS,smallcap,441.58,529.48,277.5,150,2026-01-15,294.15,EXPIRED_OPEN,-33.39,150
2025-08-18,CHAMBLFERT.NS,smallcap,534.75,742.2,491.64,150,2025-10-14,491.64,HIT_STOPLOSS,-8.06,57
2025-08-18,GRSE.NS,smallcap,2672.5,3538.4,1184.9,150,2026-01-15,2431,EXPIRED_OPEN,-9.04,150
2025-08-25,KAJARIACER.NS,smallcap,1263.6,1416.47,758.7,150,2026-01-22,993.5,EXPIRED_OPEN,-21.38,150
2025-08-25,RADICO.NS,smallcap,2912.7,3230.45,1987.4,150,2025-10-20,3230.45,HIT_TARGET,10.91,56
2025-08-25,CHAMBLFERT.NS,smallcap,555.7,742.2,503,150,2025-10-10,503,HIT_STOPLOSS,-9.48,46
2025-08-25,SHILPAMED.NS,smallcap,424.52,503.57,277.5,150,2026-01-20,277.5,HIT_STOPLOSS,-34.63,148
2025-08-25,GRSE.NS,smallcap,2518.6,3538.4,1184.9,150,2026-01-22,2301.8,EXPIRED_OPEN,-8.61,150
2025-09-02,KAJARIACER.NS,smallcap,1209.8,1354.48,758.7,150,2026-01-30,902.4,EXPIRED_OPEN,-25.41,150
2025-09-02,RADICO.NS,smallcap,2896.7,3197.41,2144.9,150,2025-10-20,3197.41,HIT_TARGET,10.38,48
2025-09-02,CHAMBLFERT.NS,smallcap,559.05,742.2,503,150,2025-10-10,503,HIT_STOPLOSS,-10.03,38
2025-09-02,GRSE.NS,smallcap,2543.8,3538.4,1282.7,150,2026-01-30,2764.2,EXPIRED_OPEN,8.66,150
2025-09-02,SHILPAMED.NS,smallcap,419.33,500,277.5,150,2026-01-20,277.5,HIT_STOPLOSS,-33.82,140
2025-09-09,KAJARIACER.NS,smallcap,1240,1377.4,758.7,150,2026-02-06,940.45,EXPIRED_OPEN,-24.16,150
2025-09-09,RADICO.NS,smallcap,2757.7,3069.93,2182,150,2025-10-17,3069.93,HIT_TARGET,11.32,38
2025-09-09,RITES.NS,smallcap,269.87,316,202.43,150,2026-02-06,223.87,EXPIRED_OPEN,-17.05,150
2025-09-09,SHILPAMED.NS,smallcap,414.67,500,277.5,150,2026-01-20,277.5,HIT_STOPLOSS,-33.08,133
2025-09-09,GRSE.NS,smallcap,2353,3538.4,1303.1,150,2026-02-06,2401.4,EXPIRED_OPEN,2.06,150
2025-09-16,KAJARIACER.NS,smallcap,1235.3,1363.43,758.7,150,2026-02-13,939.95,EXPIRED_OPEN,-23.91,150
2025-09-16,RADICO.NS,smallcap,2994.4,3315.51,2200,150,2025-10-23,3315.51,HIT_TARGET,10.72,37
2025-09-16,RITES.NS,smallcap,275.14,316,202.43,150,2026-02-13,218.66,EXPIRED_OPEN,-20.53,150
2025-09-16,GRSE.NS,smallcap,2440.3,3538.4,1405,150,2026-02-13,2432.8,EXPIRED_OPEN,-0.31,150
2025-09-16,SHILPAMED.NS,smallcap,413.15,500,277.5,150,2026-01-20,277.5,HIT_STOPLOSS,-32.83,126
2025-09-23,KAJARIACER.NS,smallcap,1183,1321.9,758.7,150,2026-02-20,993.8,EXPIRED_OPEN,-15.99,150
2025-09-23,RADICO.NS,smallcap,2957.6,3254.6,2200,150,2025-10-20,3254.6,HIT_TARGET,10.04,27
2025-09-23,GRSE.NS,smallcap,2680.8,3538.4,1405,150,2026-02-20,2477.3,EXPIRED_OPEN,-7.59,150
2025-09-23,CDSL.NS,smallcap,1546.6,1828.9,1079.9,150,2026-02-20,1320.4,EXPIRED_OPEN,-14.63,150
2025-09-23,SHILPAMED.NS,smallcap,412.42,500,277.5,150,2026-01-20,277.5,HIT_STOPLOSS,-32.72,119
2025-09-30,KAJARIACER.NS,smallcap,1166.8,1321.9,764.8,150,2026-02-27,957.1,EXPIRED_OPEN,-17.97,150
2025-09-30,GRSE.NS,smallcap,2529.1,3538.4,1513.1,150,2026-02-27,2434.1,EXPIRED_OPEN,-3.76,150
2025-09-30,RADICO.NS,smallcap,2887.9,3179.18,2248.15,150,2025-10-20,3179.18,HIT_TARGET,10.09,20
2025-09-30,JKPAPER.NS,smallcap,385.5,435.69,296.85,150,2025-10-03,435.69,HIT_TARGET,13.02,3
2025-09-30,CDSL.NS,smallcap,1458.6,1828.9,1140.6,150,2026-02-27,1272.2,EXPIRED_OPEN,-12.78,150
2025-10-08,KAJARIACER.NS,smallcap,1206.9,1336.59,764.8,150,2026-03-09,935.6,EXPIRED_OPEN,-22.48,152
2025-10-08,RADICO.NS,smallcap,2982.7,3256.37,2350.2,150,2025-10-20,3256.37,HIT_TARGET,9.18,12
2025-10-08,GRSE.NS,smallcap,2683.6,3538.4,1597.8,150,2026-03-09,2471.1,EXPIRED_OPEN,-7.92,152
2025-10-08,JKPAPER.NS,smallcap,418,478.68,296.85,150,2026-03-09,327.05,EXPIRED_OPEN,-21.76,152
2025-10-08,CDSL.NS,smallcap,1539.7,1828.9,1194,150,2026-03-04,1194,HIT_STOPLOSS,-22.45,147
2025-10-15,KAJARIACER.NS,smallcap,1237.4,1373.11,764.8,150,2026-03-16,888.9,EXPIRED_OPEN,-28.16,152
2025-10-15,CDSL.NS,smallcap,1622,1828.9,1194,150,2026-03-04,1194,HIT_STOPLOSS,-26.39,140
2025-10-15,GRSE.NS,smallcap,2619.3,3538.4,1597.8,150,2026-03-16,2304.5,EXPIRED_OPEN,-12.02,152
2025-10-15,RADICO.NS,smallcap,2951.7,3220.15,2350.2,150,2025-10-20,3220.15,HIT_TARGET,9.09,5
2025-10-15,JKPAPER.NS,smallcap,403.55,459.63,296.85,150,2026-03-16,326,EXPIRED_OPEN,-19.22,152
2025-10-23,KAJARIACER.NS,smallcap,1227.1,1363.72,764.8,150,2026-03-23,890.85,EXPIRED_OPEN,-27.4,151
2025-10-23,GRSE.NS,smallcap,2610.2,3538.4,1741.2,150,2026-03-23,2136.2,EXPIRED_OPEN,-18.16,151
2025-10-23,RADICO.NS,smallcap,3283.3,3620.91,2372.5,150,2026-03-23,2606.6,EXPIRED_OPEN,-20.61,151
2025-10-23,CDSL.NS,smallcap,1600.3,1828.9,1194,150,2026-03-04,1194,HIT_STOPLOSS,-25.39,132
2025-10-23,JKPAPER.NS,smallcap,409.25,464.27,296.85,150,2026-03-23,315.25,EXPIRED_OPEN,-22.97,151
2025-10-30,KAJARIACER.NS,smallcap,1217.1,1339.23,840,150,2026-03-30,920.1,EXPIRED_OPEN,-24.4,151
2025-10-30,RADICO.NS,smallcap,3144.7,3483.12,2435.5,150,2025-11-20,3483.12,HIT_TARGET,10.76,21
2025-10-30,GRSE.NS,smallcap,2552.6,3538.4,1793,150,2026-03-30,1972.8,EXPIRED_OPEN,-22.71,151
2025-10-30,CDSL.NS,smallcap,1614.7,1828.9,1260.8,150,2026-02-02,1260.8,HIT_STOPLOSS,-21.92,95
2025-10-30,ELGIEQUIP.NS,smallcap,501.6,608.4,450.55,150,2026-01-09,450.55,HIT_STOPLOSS,-10.18,71
2025-11-07,RADICO.NS,smallcap,3310.9,3655.65,2435.5,150,2026-04-06,2684.7,EXPIRED_OPEN,-18.91,150
2025-11-07,KAJARIACER.NS,smallcap,1125,1321.9,950,150,2025-12-29,950,HIT_STOPLOSS,-15.56,52
2025-11-07,GRSE.NS,smallcap,2574.1,3538.4,2323,150,2025-12-09,2323,HIT_STOPLOSS,-9.75,32
2025-11-07,CDSL.NS,smallcap,1578.8,1828.9,1408,150,2026-01-09,1408,HIT_STOPLOSS,-10.82,63
2025-11-07,JKPAPER.NS,smallcap,386.85,444.8,335.35,150,2026-01-19,335.35,HIT_STOPLOSS,-13.31,73
2025-11-14,RADICO.NS,smallcap,3259.9,3607.96,2436.3,150,2026-04-13,2807.7,EXPIRED_OPEN,-13.87,150
2025-11-14,GRSE.NS,smallcap,2897.1,3538.4,2323,150,2025-12-09,2323,HIT_STOPLOSS,-19.82,25
2025-11-14,KAJARIACER.NS,smallcap,1123.8,1321.9,994.05,150,2025-12-24,994.05,HIT_STOPLOSS,-11.55,40
2025-11-14,CDSL.NS,smallcap,1625.8,1828.9,1421,150,2025-12-30,1421,HIT_STOPLOSS,-12.6,46
2025-11-14,ELGIEQUIP.NS,smallcap,501.5,608.4,458.5,150,2025-12-29,458.5,HIT_STOPLOSS,-8.57,45
2025-11-21,RADICO.NS,smallcap,3273.1,3703.3,2502,150,2026-03-02,2502,HIT_STOPLOSS,-23.56,101
2025-11-21,CDSL.NS,smallcap,1610.2,1828.9,1421,150,2025-12-30,1421,HIT_STOPLOSS,-11.75,39
2025-11-21,ELGIEQUIP.NS,smallcap,492.75,608.4,457.09,150,2025-12-29,457.09,HIT_STOPLOSS,-7.24,38
2025-11-21,NH.NS,smallcap,2043.2,2370.2,1692.5,150,2026-02-06,1692.5,HIT_STOPLOSS,-17.16,77
2025-11-21,GRSE.NS,smallcap,2816.9,3538.4,2323,150,2025-12-09,2323,HIT_STOPLOSS,-17.53,18
2025-11-28,RADICO.NS,smallcap,3208.1,3617.74,2502,150,2026-03-02,2502,HIT_STOPLOSS,-22.01,94
2025-11-28,ELGIEQUIP.NS,smallcap,510.5,608.4,458.5,150,2025-12-29,458.5,HIT_STOPLOSS,-10.19,31
2025-11-28,CDSL.NS,smallcap,1617.2,1828.9,1421,150,2025-12-30,1421,HIT_STOPLOSS,-12.13,32
2025-11-28,KAJARIACER.NS,smallcap,1067.2,1321.9,1000.58,150,2025-12-24,1000.58,HIT_STOPLOSS,-6.24,26
2025-11-28,CHAMBLFERT.NS,smallcap,440.15,580.7,415.01,150,2025-12-09,415.01,HIT_STOPLOSS,-5.71,11
2025-12-05,RADICO.NS,smallcap,3201.9,3591.9,2502,150,2026-03-02,2502,HIT_STOPLOSS,-21.86,87
2025-12-05,KAJARIACER.NS,smallcap,1054.7,1321.9,991.2,150,2025-12-24,991.2,HIT_STOPLOSS,-6.02,19
2025-12-05,ELGIEQUIP.NS,smallcap,500.8,608.4,458.5,150,2025-12-29,458.5,HIT_STOPLOSS,-8.45,24
2025-12-05,JBCHEPHARM.NS,smallcap,1825.4,1959.17,1603.5,150,2026-02-16,1959.17,HIT_TARGET,7.33,73
2025-12-05,CHAMBLFERT.NS,smallcap,431.85,580.7,408.18,150,2026-03-16,408.18,HIT_STOPLOSS,-5.48,101
2025-12-12,RADICO.NS,smallcap,3224.1,3591.9,2502,150,2026-03-02,2502,HIT_STOPLOSS,-22.4,80
2025-12-12,KAJARIACER.NS,smallcap,1053,1321.9,991.43,150,2025-12-24,991.43,HIT_STOPLOSS,-5.85,12
2025-12-12,ELGIEQUIP.NS,smallcap,487.9,608.4,451.86,150,2025-12-30,451.86,HIT_STOPLOSS,-7.39,18
2025-12-12,CHAMBLFERT.NS,smallcap,433.5,580.7,407.52,150,2026-03-16,407.52,HIT_STOPLOSS,-5.99,94
2025-12-12,CENTURYPLY.NS,smallcap,844,941.57,711.2,150,2026-01-21,711.2,HIT_STOPLOSS,-15.73,40
2025-12-19,RADICO.NS,smallcap,3194.9,3591.9,2502,150,2026-03-02,2502,HIT_STOPLOSS,-21.69,73
2025-12-19,KAJARIACER.NS,smallcap,1053.7,1321.9,989.9,150,2025-12-24,989.9,HIT_STOPLOSS,-6.05,5
2025-12-19,KEI.NS,smallcap,4284.4,4692.08,3601.1,150,2026-02-20,4692.08,HIT_TARGET,9.52,63
2025-12-19,JBCHEPHARM.NS,smallcap,1805.7,1933.56,1603.5,150,2026-01-07,1933.56,HIT_TARGET,7.08,19
2025-12-19,CHAMBLFERT.NS,smallcap,445.35,580.7,410.2,150,2026-03-09,410.2,HIT_STOPLOSS,-7.89,80
2025-12-29,RADICO.NS,smallcap,3249.7,3622.09,2570.7,150,2026-03-02,2570.7,HIT_STOPLOSS,-20.89,63
2025-12-29,CHAMBLFERT.NS,smallcap,475.15,580.7,410.2,150,2026-03-09,410.2,HIT_STOPLOSS,-13.67,70
2025-12-29,KEI.NS,smallcap,4393.1,4798.44,3601.1,150,2026-02-23,4798.44,HIT_TARGET,9.23,56
2025-12-29,JBCHEPHARM.NS,smallcap,1799.2,1916.67,1603.5,150,2026-01-07,1916.67,HIT_TARGET,6.53,9
2025-12-29,CENTURYPLY.NS,smallcap,829.95,927.45,711.2,150,2026-01-21,711.2,HIT_STOPLOSS,-14.31,23
2026-01-05,RADICO.NS,smallcap,3104.6,3591.9,2570.7,150,2026-03-02,2570.7,HIT_STOPLOSS,-17.2,56
2026-01-05,CHAMBLFERT.NS,smallcap,483.55,580.7,410.2,150,2026-03-09,410.2,HIT_STOPLOSS,-15.17,63
2026-01-05,JBCHEPHARM.NS,smallcap,1840.2,1963.61,1604,150,2026-02-16,1963.61,HIT_TARGET,6.71,42
2026-01-05,KEI.NS,smallcap,4528.9,4917.47,3612,150,2026-02-25,4917.47,HIT_TARGET,8.58,51
2026-01-05,ELGIEQUIP.NS,smallcap,476.7,608.4,446.73,150,2026-01-09,446.73,HIT_STOPLOSS,-6.29,4
2026-01-12,JBCHEPHARM.NS,smallcap,1872.8,2011.39,1638.5,150,2026-02-19,2011.39,HIT_TARGET,7.4,38
2026-01-12,KEI.NS,smallcap,4368.1,4771.87,3712.2,150,2026-02-20,4771.87,HIT_TARGET,9.24,39
2026-01-12,CHAMBLFERT.NS,smallcap,436.55,580.7,405.98,150,2026-03-16,405.98,HIT_STOPLOSS,-7,63
2026-01-12,RADICO.NS,smallcap,2831.8,3591.9,2530.93,150,2026-03-02,2530.93,HIT_STOPLOSS,-10.62,49
2026-01-12,ELGIEQUIP.NS,smallcap,440.3,608.4,407.7,150,2026-05-29,608.4,HIT_TARGET,38.18,137
2026-01-19,JBCHEPHARM.NS,smallcap,1926.7,2059.44,1638.5,150,2026-02-24,2059.44,HIT_TARGET,6.89,36
2026-01-19,CHAMBLFERT.NS,smallcap,438.75,580.7,410.2,150,2026-03-09,410.2,HIT_STOPLOSS,-6.51,49
2026-01-19,KEI.NS,smallcap,4318.4,4726.03,3712.2,150,2026-02-20,4726.03,HIT_TARGET,9.44,32
2026-01-20,RADICO.NS,smallcap,2753.5,3591.9,2467.61,150,2026-05-19,3591.9,HIT_TARGET,30.45,119
2026-01-19,ELGIEQUIP.NS,smallcap,429.6,588.7,400.4,150,2026-05-27,588.7,HIT_TARGET,37.03,128
2026-01-27,JBCHEPHARM.NS,smallcap,1877.5,2029.07,1638.5,150,2026-02-23,2029.07,HIT_TARGET,8.07,27
2026-01-27,CHAMBLFERT.NS,smallcap,439.6,580.7,410.2,150,2026-03-09,410.2,HIT_STOPLOSS,-6.69,41
2026-01-28,RADICO.NS,smallcap,2746.8,3591.9,2410.53,150,2026-05-19,3591.9,HIT_TARGET,30.77,111
2026-01-27,ELGIEQUIP.NS,smallcap,423.05,588.7,388.68,150,2026-05-27,588.7,HIT_TARGET,39.16,120
2026-01-28,CENTURYPLY.NS,smallcap,766.7,864.61,705.51,150,2026-03-02,705.51,HIT_STOPLOSS,-7.98,33
2026-02-03,JBCHEPHARM.NS,smallcap,1895.7,2074.54,1638.5,150,2026-02-24,2074.54,HIT_TARGET,9.43,21
2026-02-03,CHAMBLFERT.NS,smallcap,430.7,580.7,398.57,150,2026-07-03,481.55,EXPIRED_OPEN,11.81,150
2026-02-03,ELGIEQUIP.NS,smallcap,492.35,563.55,408.25,150,2026-04-22,563.55,HIT_TARGET,14.46,78
2026-02-03,KEI.NS,smallcap,4367,4988.32,3712.2,150,2026-02-26,4988.32,HIT_TARGET,14.23,23
2026-02-03,BLUESTARCO.NS,smallcap,1817.8,2077.71,1645,150,2026-03-23,1645,HIT_STOPLOSS,-9.51,48
2026-02-10,JBCHEPHARM.NS,smallcap,1923.1,2091.88,1638.5,150,2026-02-26,2091.88,HIT_TARGET,8.78,16
2026-02-10,CHAMBLFERT.NS,smallcap,453.75,580.7,410.2,150,2026-03-09,410.2,HIT_STOPLOSS,-9.6,27
2026-02-10,KEI.NS,smallcap,4590.6,5170.91,3728.7,150,2026-03-02,5170.91,HIT_TARGET,12.64,20
2026-02-10,ELGIEQUIP.NS,smallcap,495.2,560.48,408.25,150,2026-04-22,560.48,HIT_TARGET,13.18,71
2026-02-10,BLUESTARCO.NS,smallcap,1948.3,2207.99,1645,150,2026-03-23,1645,HIT_STOPLOSS,-15.57,41
2026-02-17,ELGIEQUIP.NS,smallcap,516.65,594.56,408.25,150,2026-05-29,594.56,HIT_TARGET,15.08,101
2026-02-17,JBCHEPHARM.NS,smallcap,1988.9,2169.64,1638.5,150,2026-03-16,2169.64,HIT_TARGET,9.09,27
2026-02-17,BLUESTARCO.NS,smallcap,2002.4,2236,1645,150,2026-03-23,1645,HIT_STOPLOSS,-17.85,34
2026-02-17,CHAMBLFERT.NS,smallcap,453.75,580.7,410.2,150,2026-03-09,410.2,HIT_STOPLOSS,-9.6,20
2026-02-17,KEI.NS,smallcap,4567.8,5095.92,3728.7,150,2026-02-27,5095.92,HIT_TARGET,11.56,10
2026-02-24,ELGIEQUIP.NS,smallcap,540.7,619.5,408.25,150,2026-05-29,619.5,HIT_TARGET,14.57,94
2026-02-24,JBCHEPHARM.NS,smallcap,2070.4,2249.61,1638.5,150,2026-05-25,2249.61,HIT_TARGET,8.66,90
2026-02-24,CHAMBLFERT.NS,smallcap,458,580.7,410.2,150,2026-03-09,410.2,HIT_STOPLOSS,-10.44,13
2026-02-24,KEI.NS,smallcap,4781,5327.79,3728.7,150,2026-05-25,5327.79,HIT_TARGET,11.44,90
2026-02-24,BLUESTARCO.NS,smallcap,1959.5,2173.27,1645,150,2026-03-23,1645,HIT_STOPLOSS,-16.05,27
2026-03-04,JBCHEPHARM.NS,smallcap,2051.8,2254.26,1638.5,150,2026-05-25,2254.26,HIT_TARGET,9.87,82
2026-03-04,KEI.NS,smallcap,4979,5641.57,3728.7,150,2026-06-17,5641.57,HIT_TARGET,13.31,105
2026-03-04,ELGIEQUIP.NS,smallcap,497.55,573.81,408.25,150,2026-04-29,573.81,HIT_TARGET,15.33,56
2026-03-04,CHAMBLFERT.NS,smallcap,431.25,559,400.2,150,2026-03-16,400.2,HIT_STOPLOSS,-7.2,12
2026-03-04,BLUESTARCO.NS,smallcap,1843.6,2062.17,1645,150,2026-03-23,1645,HIT_STOPLOSS,-10.77,19
2026-03-11,JBCHEPHARM.NS,smallcap,2126.1,2319.42,1638.5,150,2026-07-01,2319.42,HIT_TARGET,9.09,112
2026-03-11,ELGIEQUIP.NS,smallcap,501.1,580.66,408.25,150,2026-05-27,580.66,HIT_TARGET,15.88,77
2026-03-11,BLUESTARCO.NS,smallcap,1941.1,2205.34,1645,150,2026-03-23,1645,HIT_STOPLOSS,-15.25,12
2026-03-12,RADICO.NS,smallcap,2857.5,3591.9,2500,150,2026-05-19,3591.9,HIT_TARGET,25.7,68
2026-03-18,JBCHEPHARM.NS,smallcap,2118,2321.04,1638.5,150,2026-07-01,2321.04,HIT_TARGET,9.59,105
2026-03-18,ELGIEQUIP.NS,smallcap,482.1,560.25,408.25,150,2026-04-22,560.25,HIT_TARGET,16.21,35
2026-03-18,KEI.NS,smallcap,4390,5303,3728.7,150,2026-05-22,5303,HIT_TARGET,20.8,65
2026-03-18,BLUESTARCO.NS,smallcap,1819.6,2092.08,1645,150,2026-03-23,1645,HIT_STOPLOSS,-9.6,5
2026-03-25,JBCHEPHARM.NS,smallcap,2085.3,2307.06,1644.6,150,2026-06-29,2307.06,HIT_TARGET,10.63,96
2026-03-25,ELGIEQUIP.NS,smallcap,487.35,565.12,408.25,150,2026-04-22,565.12,HIT_TARGET,15.96,28
2026-03-25,MAHSEAMLES.NS,smallcap,579.75,655.72,500.7,150,2026-04-21,655.72,HIT_TARGET,13.1,27
2026-04-06,JBCHEPHARM.NS,smallcap,1952,2198.84,1648.9,150,2026-05-11,2198.84,HIT_TARGET,12.65,35
2026-04-06,ELGIEQUIP.NS,smallcap,479.9,553.76,408.25,150,2026-04-20,553.76,HIT_TARGET,15.39,14
2026-04-06,MAHSEAMLES.NS,smallcap,596.25,679.4,500.7,150,2026-04-23,679.4,HIT_TARGET,13.95,17
2026-04-06,SHILPAMED.NS,smallcap,391.5,464.49,259.5,150,2026-05-11,464.49,HIT_TARGET,18.64,35
2026-04-13,JBCHEPHARM.NS,smallcap,1998.4,2229.97,1662,150,2026-05-25,2229.97,HIT_TARGET,11.59,42
2026-04-13,ELGIEQUIP.NS,smallcap,515.65,589.45,408.25,150,2026-05-29,589.45,HIT_TARGET,14.31,46
2026-04-13,SHILPAMED.NS,smallcap,415.9,489.46,259.5,150,2026-05-15,489.46,HIT_TARGET,17.69,32
2026-04-21,ELGIEQUIP.NS,smallcap,542.95,611.51,408.25,150,2026-05-29,611.51,HIT_TARGET,12.63,38
2026-04-21,JBCHEPHARM.NS,smallcap,1992.9,2200.15,1675,150,2026-05-11,2200.15,HIT_TARGET,10.4,20
2026-04-21,SHILPAMED.NS,smallcap,405.25,475.74,259.5,150,2026-05-11,475.74,HIT_TARGET,17.39,20
2026-04-22,RADICO.NS,smallcap,3243,3755.67,2500,150,2026-06-19,3755.67,HIT_TARGET,15.81,58
2026-04-28,ELGIEQUIP.NS,smallcap,552.65,620.37,408.25,150,2026-05-29,620.37,HIT_TARGET,12.25,31
2026-04-28,JBCHEPHARM.NS,smallcap,2043.6,2240.05,1675,150,2026-05-25,2240.05,HIT_TARGET,9.61,27
2026-04-28,SHILPAMED.NS,smallcap,407.8,482.72,259.5,150,2026-05-15,482.72,HIT_TARGET,18.37,17
2026-05-05,ELGIEQUIP.NS,smallcap,542.75,607.04,408.25,150,2026-05-29,607.04,HIT_TARGET,11.85,24
2026-05-05,SHILPAMED.NS,smallcap,424.4,495.21,259.5,150,2026-05-22,495.21,HIT_TARGET,16.69,17
2026-05-05,JBCHEPHARM.NS,smallcap,2094.6,2271.59,1713.9,150,2026-05-25,2271.59,HIT_TARGET,8.45,20
2026-05-05,CHAMBLFERT.NS,smallcap,442.55,487.62,399.75,150,2026-06-16,487.62,HIT_TARGET,10.18,42
2026-05-12,JBCHEPHARM.NS,smallcap,2135.3,2348.47,1720.6,150,2026-07-03,2348.47,HIT_TARGET,9.98,52
2026-05-12,SHILPAMED.NS,smallcap,438.65,520.95,259.5,150,2026-05-25,520.95,HIT_TARGET,18.76,13
2026-05-12,ELGIEQUIP.NS,smallcap,522.95,589.02,408.25,150,2026-05-29,589.02,HIT_TARGET,12.63,17
2026-05-13,RADICO.NS,smallcap,3450.5,3891.8,2500,150,2026-06-29,3891.8,HIT_TARGET,12.79,47
2026-05-19,SHILPAMED.NS,smallcap,472.45,561.13,259.5,150,2026-06-09,561.13,HIT_TARGET,18.77,21
2026-05-19,ELGIEQUIP.NS,smallcap,541.1,608.74,408.25,150,2026-05-29,608.74,HIT_TARGET,12.5,10
2026-05-19,JBCHEPHARM.NS,smallcap,2171.6,2392.58,1725.3,150,2026-07-06,2392.58,HIT_TARGET,10.18,48
2026-05-20,RADICO.NS,smallcap,3565.9,4018.1,2500,150,2026-07-06,4018.1,HIT_TARGET,12.68,47
2026-05-26,ELGIEQUIP.NS,smallcap,563,631.83,408.25,150,2026-05-29,631.83,HIT_TARGET,12.23,3
2026-05-26,SHILPAMED.NS,smallcap,504.85,602.95,259.5,150,2026-06-30,602.95,HIT_TARGET,19.43,35
2026-05-26,JBCHEPHARM.NS,smallcap,2190,2421.5,1749.5,150,2026-07-07,2421.5,HIT_TARGET,10.57,42
2026-05-27,GRINDWELL.NS,smallcap,1912.3,2169.16,1329,150,2026-06-23,2169.16,HIT_TARGET,13.43,27
2026-06-02,SHILPAMED.NS,smallcap,517.35,608.34,259.5,150,2026-06-30,608.34,HIT_TARGET,17.59,28
2026-06-02,JBCHEPHARM.NS,smallcap,2129.6,2358.45,1770.9,150,2026-07-03,2358.45,HIT_TARGET,10.75,31
2026-06-03,GRINDWELL.NS,smallcap,1867,2125.98,1329,150,2026-06-16,2125.98,HIT_TARGET,13.87,13
